11:36:49 **** Build of configuration Debug for project Exercise_1 ****
make -j12 all 
arm-none-eabi-gcc "../Drivers/STM32F1xx_HAL_Driver/Src/stm32f1xx_hal.c" -mcpu=cortex-m3 -std=gnu11 -g3 -DDEBUG -DUSE_HAL_DRIVER -DSTM32F103x6 -c -I../Core/Inc -I../Drivers/STM32F1xx_HAL_Driver/Inc -I../Drivers/STM32F1xx_HAL_Driver/Inc/Legacy -I../Drivers/CMSIS/Device/ST/STM32F1xx/Include -I../Drivers/CMSIS/Include -O0 -ffunction-sections -fdata-sections -Wall -fstack-usage -MMD -MP -MF"Drivers/STM32F1xx_HAL_Driver/Src/stm32f1xx_hal.d" -MT"Drivers/STM32F1xx_HAL_Driver/Src/stm32f1xx_hal.o" --specs=nano.specs -mfloat-abi=soft -mthumb -o "Drivers/STM32F1xx_HAL_Driver/Src/stm32f1xx_hal.o"
arm-none-eabi-gcc "../Drivers/STM32F1xx_HAL_Driver/Src/stm32f1xx_hal_cortex.c" -mcpu=cortex-m3 -std=gnu11 -g3 -DDEBUG -DUSE_HAL_DRIVER -DSTM32F103x6 -c -I../Core/Inc -I../Drivers/STM32F1xx_HAL_Driver/Inc -I../Drivers/STM32F1xx_HAL_Driver/Inc/Legacy -I../Drivers/CMSIS/Device/ST/STM32F1xx/Include -I../Drivers/CMSIS/Include -O0 -ffunction-sections -fdata-sections -Wall -fstack-usage -MMD -MP -MF"Drivers/STM32F1xx_HAL_Driver/Src/stm32f1xx_hal_cortex.d" -MT"Drivers/STM32F1xx_HAL_Driver/Src/stm32f1xx_hal_cortex.o" --specs=nano.specs -mfloat-abi=soft -mthumb -o "Drivers/STM32F1xx_HAL_Driver/Src/stm32f1xx_hal_cortex.o"
arm-none-eabi-gcc "../Drivers/STM32F1xx_HAL_Driver/Src/stm32f1xx_hal_dma.c" -mcpu=cortex-m3 -std=gnu11 -g3 -DDEBUG -DUSE_HAL_DRIVER -DSTM32F103x6 -c -I../Core/Inc -I../Drivers/STM32F1xx_HAL_Driver/Inc -I../Drivers/STM32F1xx_HAL_Driver/Inc/Legacy -I../Drivers/CMSIS/Device/ST/STM32F1xx/Include -I../Drivers/CMSIS/Include -O0 -ffunction-sections -fdata-sections -Wall -fstack-usage -MMD -MP -MF"Drivers/STM32F1xx_HAL_Driver/Src/stm32f1xx_hal_dma.d" -MT"Drivers/STM32F1xx_HAL_Driver/Src/stm32f1xx_hal_dma.o" --specs=nano.specs -mfloat-abi=soft -mthumb -o "Drivers/STM32F1xx_HAL_Driver/Src/stm32f1xx_hal_dma.o"
arm-none-eabi-gcc "../Drivers/STM32F1xx_HAL_Driver/Src/stm32f1xx_hal_exti.c" -mcpu=cortex-m3 -std=gnu11 -g3 -DDEBUG -DUSE_HAL_DRIVER -DSTM32F103x6 -c -I../Core/Inc -I../Drivers/STM32F1xx_HAL_Driver/Inc -I../Drivers/STM32F1xx_HAL_Driver/Inc/Legacy -I../Drivers/CMSIS/Device/ST/STM32F1xx/Include -I../Drivers/CMSIS/Include -O0 -ffunction-sections -fdata-sections -Wall -fstack-usage -MMD -MP -MF"Drivers/STM32F1xx_HAL_Driver/Src/stm32f1xx_hal_exti.d" -MT"Drivers/STM32F1xx_HAL_Driver/Src/stm32f1xx_hal_exti.o" --specs=nano.specs -mfloat-abi=soft -mthumb -o "Drivers/STM32F1xx_HAL_Driver/Src/stm32f1xx_hal_exti.o"
arm-none-eabi-gcc "../Drivers/STM32F1xx_HAL_Driver/Src/stm32f1xx_hal_flash.c" -mcpu=cortex-m3 -std=gnu11 -g3 -DDEBUG -DUSE_HAL_DRIVER -DSTM32F103x6 -c -I../Core/Inc -I../Drivers/STM32F1xx_HAL_Driver/Inc -I../Drivers/STM32F1xx_HAL_Driver/Inc/Legacy -I../Drivers/CMSIS/Device/ST/STM32F1xx/Include -I../Drivers/CMSIS/Include -O0 -ffunction-sections -fdata-sections -Wall -fstack-usage -MMD -MP -MF"Drivers/STM32F1xx_HAL_Driver/Src/stm32f1xx_hal_flash.d" -MT"Drivers/STM32F1xx_HAL_Driver/Src/stm32f1xx_hal_flash.o" --specs=nano.specs -mfloat-abi=soft -mthumb -o "Drivers/STM32F1xx_HAL_Driver/Src/stm32f1xx_hal_flash.o"
arm-none-eabi-gcc "../Drivers/STM32F1xx_HAL_Driver/Src/stm32f1xx_hal_flash_ex.c" -mcpu=cortex-m3 -std=gnu11 -g3 -DDEBUG -DUSE_HAL_DRIVER -DSTM32F103x6 -c -I../Core/Inc -I../Drivers/STM32F1xx_HAL_Driver/Inc -I../Drivers/STM32F1xx_HAL_Driver/Inc/Legacy -I../Drivers/CMSIS/Device/ST/STM32F1xx/Include -I../Drivers/CMSIS/Include -O0 -ffunction-sections -fdata-sections -Wall -fstack-usage -MMD -MP -MF"Drivers/STM32F1xx_HAL_Driver/Src/stm32f1xx_hal_flash_ex.d" -MT"Drivers/STM32F1xx_HAL_Driver/Src/stm32f1xx_hal_flash_ex.o" --specs=nano.specs -mfloat-abi=soft -mthumb -o "Drivers/STM32F1xx_HAL_Driver/Src/stm32f1xx_hal_flash_ex.o"
arm-none-eabi-gcc "../Drivers/STM32F1xx_HAL_Driver/Src/stm32f1xx_hal_gpio.c" -mcpu=cortex-m3 -std=gnu11 -g3 -DDEBUG -DUSE_HAL_DRIVER -DSTM32F103x6 -c -I../Core/Inc -I../Drivers/STM32F1xx_HAL_Driver/Inc -I../Drivers/STM32F1xx_HAL_Driver/Inc/Legacy -I../Drivers/CMSIS/Device/ST/STM32F1xx/Include -I../Drivers/CMSIS/Include -O0 -ffunction-sections -fdata-sections -Wall -fstack-usage -MMD -MP -MF"Drivers/STM32F1xx_HAL_Driver/Src/stm32f1xx_hal_gpio.d" -MT"Drivers/STM32F1xx_HAL_Driver/Src/stm32f1xx_hal_gpio.o" --specs=nano.specs -mfloat-abi=soft -mthumb -o "Drivers/STM32F1xx_HAL_Driver/Src/stm32f1xx_hal_gpio.o"
arm-none-eabi-gcc "../Drivers/STM32F1xx_HAL_Driver/Src/stm32f1xx_hal_gpio_ex.c" -mcpu=cortex-m3 -std=gnu11 -g3 -DDEBUG -DUSE_HAL_DRIVER -DSTM32F103x6 -c -I../Core/Inc -I../Drivers/STM32F1xx_HAL_Driver/Inc -I../Drivers/STM32F1xx_HAL_Driver/Inc/Legacy -I../Drivers/CMSIS/Device/ST/STM32F1xx/Include -I../Drivers/CMSIS/Include -O0 -ffunction-sections -fdata-sections -Wall -fstack-usage -MMD -MP -MF"Drivers/STM32F1xx_HAL_Driver/Src/stm32f1xx_hal_gpio_ex.d" -MT"Drivers/STM32F1xx_HAL_Driver/Src/stm32f1xx_hal_gpio_ex.o" --specs=nano.specs -mfloat-abi=soft -mthumb -o "Drivers/STM32F1xx_HAL_Driver/Src/stm32f1xx_hal_gpio_ex.o"
arm-none-eabi-gcc "../Drivers/STM32F1xx_HAL_Driver/Src/stm32f1xx_hal_pwr.c" -mcpu=cortex-m3 -std=gnu11 -g3 -DDEBUG -DUSE_HAL_DRIVER -DSTM32F103x6 -c -I../Core/Inc -I../Drivers/STM32F1xx_HAL_Driver/Inc -I../Drivers/STM32F1xx_HAL_Driver/Inc/Legacy -I../Drivers/CMSIS/Device/ST/STM32F1xx/Include -I../Drivers/CMSIS/Include -O0 -ffunction-sections -fdata-sections -Wall -fstack-usage -MMD -MP -MF"Drivers/STM32F1xx_HAL_Driver/Src/stm32f1xx_hal_pwr.d" -MT"Drivers/STM32F1xx_HAL_Driver/Src/stm32f1xx_hal_pwr.o" --specs=nano.specs -mfloat-abi=soft -mthumb -o "Drivers/STM32F1xx_HAL_Driver/Src/stm32f1xx_hal_pwr.o"
arm-none-eabi-gcc "../Drivers/STM32F1xx_HAL_Driver/Src/stm32f1xx_hal_rcc.c" -mcpu=cortex-m3 -std=gnu11 -g3 -DDEBUG -DUSE_HAL_DRIVER -DSTM32F103x6 -c -I../Core/Inc -I../Drivers/STM32F1xx_HAL_Driver/Inc -I../Drivers/STM32F1xx_HAL_Driver/Inc/Legacy -I../Drivers/CMSIS/Device/ST/STM32F1xx/Include -I../Drivers/CMSIS/Include -O0 -ffunction-sections -fdata-sections -Wall -fstack-usage -MMD -MP -MF"Drivers/STM32F1xx_HAL_Driver/Src/stm32f1xx_hal_rcc.d" -MT"Drivers/STM32F1xx_HAL_Driver/Src/stm32f1xx_hal_rcc.o" --specs=nano.specs -mfloat-abi=soft -mthumb -o "Drivers/STM32F1xx_HAL_Driver/Src/stm32f1xx_hal_rcc.o"
arm-none-eabi-gcc "../Drivers/STM32F1xx_HAL_Driver/Src/stm32f1xx_hal_rcc_ex.c" -mcpu=cortex-m3 -std=gnu11 -g3 -DDEBUG -DUSE_HAL_DRIVER -DSTM32F103x6 -c -I../Core/Inc -I../Drivers/STM32F1xx_HAL_Driver/Inc -I../Drivers/STM32F1xx_HAL_Driver/Inc/Legacy -I../Drivers/CMSIS/Device/ST/STM32F1xx/Include -I../Drivers/CMSIS/Include -O0 -ffunction-sections -fdata-sections -Wall -fstack-usage -MMD -MP -MF"Drivers/STM32F1xx_HAL_Driver/Src/stm32f1xx_hal_rcc_ex.d" -MT"Drivers/STM32F1xx_HAL_Driver/Src/stm32f1xx_hal_rcc_ex.o" --specs=nano.specs -mfloat-abi=soft -mthumb -o "Drivers/STM32F1xx_HAL_Driver/Src/stm32f1xx_hal_rcc_ex.o"
arm-none-eabi-gcc "../Drivers/STM32F1xx_HAL_Driver/Src/stm32f1xx_hal_tim.c" -mcpu=cortex-m3 -std=gnu11 -g3 -DDEBUG -DUSE_HAL_DRIVER -DSTM32F103x6 -c -I../Core/Inc -I../Drivers/STM32F1xx_HAL_Driver/Inc -I../Drivers/STM32F1xx_HAL_Driver/Inc/Legacy -I../Drivers/CMSIS/Device/ST/STM32F1xx/Include -I../Drivers/CMSIS/Include -O0 -ffunction-sections -fdata-sections -Wall -fstack-usage -MMD -MP -MF"Drivers/STM32F1xx_HAL_Driver/Src/stm32f1xx_hal_tim.d" -MT"Drivers/STM32F1xx_HAL_Driver/Src/stm32f1xx_hal_tim.o" --specs=nano.specs -mfloat-abi=soft -mthumb -o "Drivers/STM32F1xx_HAL_Driver/Src/stm32f1xx_hal_tim.o"
arm-none-eabi-gcc "../Drivers/STM32F1xx_HAL_Driver/Src/stm32f1xx_hal_tim_ex.c" -mcpu=cortex-m3 -std=gnu11 -g3 -DDEBUG -DUSE_HAL_DRIVER -DSTM32F103x6 -c -I../Core/Inc -I../Drivers/STM32F1xx_HAL_Driver/Inc -I../Drivers/STM32F1xx_HAL_Driver/Inc/Legacy -I../Drivers/CMSIS/Device/ST/STM32F1xx/Include -I../Drivers/CMSIS/Include -O0 -ffunction-sections -fdata-sections -Wall -fstack-usage -MMD -MP -MF"Drivers/STM32F1xx_HAL_Driver/Src/stm32f1xx_hal_tim_ex.d" -MT"Drivers/STM32F1xx_HAL_Driver/Src/stm32f1xx_hal_tim_ex.o" --specs=nano.specs -mfloat-abi=soft -mthumb -o "Drivers/STM32F1xx_HAL_Driver/Src/stm32f1xx_hal_tim_ex.o"
arm-none-eabi-gcc -mcpu=cortex-m3 -g3 -DDEBUG -c -x assembler-with-cpp -MMD -MP -MF"Core/Startup/startup_stm32f103c6ux.d" -MT"Core/Startup/startup_stm32f103c6ux.o" --specs=nano.specs -mfloat-abi=soft -mthumb -o "Core/Startup/startup_stm32f103c6ux.o" "../Core/Startup/startup_stm32f103c6ux.s"
arm-none-eabi-gcc "../Core/Src/main.c" -mcpu=cortex-m3 -std=gnu11 -g3 -DDEBUG -DUSE_HAL_DRIVER -DSTM32F103x6 -c -I../Core/Inc -I../Drivers/STM32F1xx_HAL_Driver/Inc -I../Drivers/STM32F1xx_HAL_Driver/Inc/Legacy -I../Drivers/CMSIS/Device/ST/STM32F1xx/Include -I../Drivers/CMSIS/Include -O0 -ffunction-sections -fdata-sections -Wall -fstack-usage -MMD -MP -MF"Core/Src/main.d" -MT"Core/Src/main.o" --specs=nano.specs -mfloat-abi=soft -mthumb -o "Core/Src/main.o"
arm-none-eabi-gcc "../Core/Src/stm32f1xx_hal_msp.c" -mcpu=cortex-m3 -std=gnu11 -g3 -DDEBUG -DUSE_HAL_DRIVER -DSTM32F103x6 -c -I../Core/Inc -I../Drivers/STM32F1xx_HAL_Driver/Inc -I../Drivers/STM32F1xx_HAL_Driver/Inc/Legacy -I../Drivers/CMSIS/Device/ST/STM32F1xx/Include -I../Drivers/CMSIS/Include -O0 -ffunction-sections -fdata-sections -Wall -fstack-usage -MMD -MP -MF"Core/Src/stm32f1xx_hal_msp.d" -MT"Core/Src/stm32f1xx_hal_msp.o" --specs=nano.specs -mfloat-abi=soft -mthumb -o "Core/Src/stm32f1xx_hal_msp.o"
arm-none-eabi-gcc "../Core/Src/stm32f1xx_it.c" -mcpu=cortex-m3 -std=gnu11 -g3 -DDEBUG -DUSE_HAL_DRIVER -DSTM32F103x6 -c -I../Core/Inc -I../Drivers/STM32F1xx_HAL_Driver/Inc -I../Drivers/STM32F1xx_HAL_Driver/Inc/Legacy -I../Drivers/CMSIS/Device/ST/STM32F1xx/Include -I../Drivers/CMSIS/Include -O0 -ffunction-sections -fdata-sections -Wall -fstack-usage -MMD -MP -MF"Core/Src/stm32f1xx_it.d" -MT"Core/Src/stm32f1xx_it.o" --specs=nano.specs -mfloat-abi=soft -mthumb -o "Core/Src/stm32f1xx_it.o"
arm-none-eabi-gcc "../Core/Src/syscalls.c" -mcpu=cortex-m3 -std=gnu11 -g3 -DDEBUG -DUSE_HAL_DRIVER -DSTM32F103x6 -c -I../Core/Inc -I../Drivers/STM32F1xx_HAL_Driver/Inc -I../Drivers/STM32F1xx_HAL_Driver/Inc/Legacy -I../Drivers/CMSIS/Device/ST/STM32F1xx/Include -I../Drivers/CMSIS/Include -O0 -ffunction-sections -fdata-sections -Wall -fstack-usage -MMD -MP -MF"Core/Src/syscalls.d" -MT"Core/Src/syscalls.o" --specs=nano.specs -mfloat-abi=soft -mthumb -o "Core/Src/syscalls.o"
arm-none-eabi-gcc "../Core/Src/sysmem.c" -mcpu=cortex-m3 -std=gnu11 -g3 -DDEBUG -DUSE_HAL_DRIVER -DSTM32F103x6 -c -I../Core/Inc -I../Drivers/STM32F1xx_HAL_Driver/Inc -I../Drivers/STM32F1xx_HAL_Driver/Inc/Legacy -I../Drivers/CMSIS/Device/ST/STM32F1xx/Include -I../Drivers/CMSIS/Include -O0 -ffunction-sections -fdata-sections -Wall -fstack-usage -MMD -MP -MF"Core/Src/sysmem.d" -MT"Core/Src/sysmem.o" --specs=nano.specs -mfloat-abi=soft -mthumb -o "Core/Src/sysmem.o"
arm-none-eabi-gcc "../Core/Src/system_stm32f1xx.c" -mcpu=cortex-m3 -std=gnu11 -g3 -DDEBUG -DUSE_HAL_DRIVER -DSTM32F103x6 -c -I../Core/Inc -I../Drivers/STM32F1xx_HAL_Driver/Inc -I../Drivers/STM32F1xx_HAL_Driver/Inc/Legacy -I../Drivers/CMSIS/Device/ST/STM32F1xx/Include -I../Drivers/CMSIS/Include -O0 -ffunction-sections -fdata-sections -Wall -fstack-usage -MMD -MP -MF"Core/Src/system_stm32f1xx.d" -MT"Core/Src/system_stm32f1xx.o" --specs=nano.specs -mfloat-abi=soft -mthumb -o "Core/Src/system_stm32f1xx.o"
../Core/Src/main.c: In function 'main':
../Core/Src/main.c:89:22: error: 'LED' undeclared (first use in this function)
   89 |   HAL_GPIO_TogglePin(LED-RED_GPIO_Port, LED-RED_Pin);
      |                      ^~~
../Core/Src/main.c:89:22: note: each undeclared identifier is reported only once for each function it appears in
../Core/Src/main.c:89:26: error: 'RED_GPIO_Port' undeclared (first use in this function); did you mean 'LED_RED_GPIO_Port'?
   89 |   HAL_GPIO_TogglePin(LED-RED_GPIO_Port, LED-RED_Pin);
      |                          ^~~~~~~~~~~~~
      |                          LED_RED_GPIO_Port
../Core/Src/main.c:89:45: error: 'RED_Pin' undeclared (first use in this function)
   89 |   HAL_GPIO_TogglePin(LED-RED_GPIO_Port, LED-RED_Pin);
      |                                             ^~~~~~~
../Core/Src/main.c:97:27: error: 'YELLOW_GPIO_Port' undeclared (first use in this function); did you mean 'LED_YELLOW_GPIO_Port'?
   97 |    HAL_GPIO_TogglePin(LED-YELLOW_GPIO_Port, LED-RED_Pin);
      |                           ^~~~~~~~~~~~~~~~
      |                           LED_YELLOW_GPIO_Port
make: *** [Core/Src/subdir.mk:34: Core/Src/main.o] Error 1
make: *** Waiting for unfinished jobs....
"make -j12 all" terminated with exit code 2. Build might be incomplete.
11:37:28 **** Incremental Build of configuration Debug for project Exercise_1 ****
make -j12 all 
arm-none-eabi-gcc "../Core/Src/main.c" -mcpu=cortex-m3 -std=gnu11 -g3 -DDEBUG -DUSE_HAL_DRIVER -DSTM32F103x6 -c -I../Core/Inc -I../Drivers/STM32F1xx_HAL_Driver/Inc -I../Drivers/STM32F1xx_HAL_Driver/Inc/Legacy -I../Drivers/CMSIS/Device/ST/STM32F1xx/Include -I../Drivers/CMSIS/Include -O0 -ffunction-sections -fdata-sections -Wall -fstack-usage -MMD -MP -MF"Core/Src/main.d" -MT"Core/Src/main.o" --specs=nano.specs -mfloat-abi=soft -mthumb -o "Core/Src/main.o"
../Core/Src/main.c: In function 'main':
../Core/Src/main.c:89:41: error: 'LED' undeclared (first use in this function)
   89 |   HAL_GPIO_TogglePin(LED_RED_GPIO_Port, LED-RED_Pin);
      |                                         ^~~
../Core/Src/main.c:89:41: note: each undeclared identifier is reported only once for each function it appears in
../Core/Src/main.c:89:45: error: 'RED_Pin' undeclared (first use in this function)
   89 |   HAL_GPIO_TogglePin(LED_RED_GPIO_Port, LED-RED_Pin);
      |                                             ^~~~~~~
make: *** [Core/Src/subdir.mk:34: Core/Src/main.o] Error 1
"make -j12 all" terminated with exit code 2. Build might be incomplete.
11:37:51 **** Incremental Build of configuration Debug for project Exercise_1 ****
make -j12 all 
arm-none-eabi-gcc "../Core/Src/main.c" -mcpu=cortex-m3 -std=gnu11 -g3 -DDEBUG -DUSE_HAL_DRIVER -DSTM32F103x6 -c -I../Core/Inc -I../Drivers/STM32F1xx_HAL_Driver/Inc -I../Drivers/STM32F1xx_HAL_Driver/Inc/Legacy -I../Drivers/CMSIS/Device/ST/STM32F1xx/Include -I../Drivers/CMSIS/Include -O0 -ffunction-sections -fdata-sections -Wall -fstack-usage -MMD -MP -MF"Core/Src/main.d" -MT"Core/Src/main.o" --specs=nano.specs -mfloat-abi=soft -mthumb -o "Core/Src/main.o"
../Core/Src/main.c: In function 'main':
../Core/Src/main.c:96:42: error: 'LED' undeclared (first use in this function)
   96 |    HAL_GPIO_TogglePin(LED_RED_GPIO_Port, LED-RED_Pin);
      |                                          ^~~
../Core/Src/main.c:96:42: note: each undeclared identifier is reported only once for each function it appears in
../Core/Src/main.c:96:46: error: 'RED_Pin' undeclared (first use in this function)
   96 |    HAL_GPIO_TogglePin(LED_RED_GPIO_Port, LED-RED_Pin);
      |                                              ^~~~~~~
make: *** [Core/Src/subdir.mk:34: Core/Src/main.o] Error 1
"make -j12 all" terminated with exit code 2. Build might be incomplete.
11:38:15 **** Incremental Build of configuration Debug for project Exercise_1 ****
make -j12 all 
arm-none-eabi-gcc "../Core/Src/main.c" -mcpu=cortex-m3 -std=gnu11 -g3 -DDEBUG -DUSE_HAL_DRIVER -DSTM32F103x6 -c -I../Core/Inc -I../Drivers/STM32F1xx_HAL_Driver/Inc -I../Drivers/STM32F1xx_HAL_Driver/Inc/Legacy -I../Drivers/CMSIS/Device/ST/STM32F1xx/Include -I../Drivers/CMSIS/Include -O0 -ffunction-sections -fdata-sections -Wall -fstack-usage -MMD -MP -MF"Core/Src/main.d" -MT"Core/Src/main.o" --specs=nano.specs -mfloat-abi=soft -mthumb -o "Core/Src/main.o"
../Core/Src/main.c: In function 'main':
../Core/Src/main.c:96:42: error: 'LED' undeclared (first use in this function)
   96 |    HAL_GPIO_TogglePin(LED_RED_GPIO_Port, LED-RED_Pin);
      |                                          ^~~
../Core/Src/main.c:96:42: note: each undeclared identifier is reported only once for each function it appears in
../Core/Src/main.c:96:46: error: 'RED_Pin' undeclared (first use in this function)
   96 |    HAL_GPIO_TogglePin(LED_RED_GPIO_Port, LED-RED_Pin);
      |                                              ^~~~~~~
make: *** [Core/Src/subdir.mk:34: Core/Src/main.o] Error 1
"make -j12 all" terminated with exit code 2. Build might be incomplete.
11:38:29 **** Incremental Build of configuration Debug for project Exercise_1 ****
make -j12 all 
arm-none-eabi-gcc "../Core/Src/main.c" -mcpu=cortex-m3 -std=gnu11 -g3 -DDEBUG -DUSE_HAL_DRIVER -DSTM32F103x6 -c -I../Core/Inc -I../Drivers/STM32F1xx_HAL_Driver/Inc -I../Drivers/STM32F1xx_HAL_Driver/Inc/Legacy -I../Drivers/CMSIS/Device/ST/STM32F1xx/Include -I../Drivers/CMSIS/Include -O0 -ffunction-sections -fdata-sections -Wall -fstack-usage -MMD -MP -MF"Core/Src/main.d" -MT"Core/Src/main.o" --specs=nano.specs -mfloat-abi=soft -mthumb -o "Core/Src/main.o"
arm-none-eabi-gcc -o "Exercise_1.elf" @"objects.list"   -mcpu=cortex-m3 -T"C:\Users\DELL\Microprocessors-Microcontrollers-Lab\Lab_1\Lab_1_STM32\Exercise_1\STM32F103C6UX_FLASH.ld" --specs=nosys.specs -Wl,-Map="Exercise_1.map" -Wl,--gc-sections -static --specs=nano.specs -mfloat-abi=soft -mthumb -Wl,--start-group -lc -lm -Wl,--end-group
Finished building target: Exercise_1.elf
 
arm-none-eabi-size   Exercise_1.elf 
arm-none-eabi-objdump -h -S  Exercise_1.elf  > "Exercise_1.list"
arm-none-eabi-objcopy  -O ihex  Exercise_1.elf  "Exercise_1.hex"
   text	   data	    bss	    dec	    hex	filename
   4600	     20	   1572	   6192	   1830	Exercise_1.elf
arm-none-eabi-objcopy  -O binary  Exercise_1.elf  "Exercise_1.bin"
Finished building: default.size.stdout
 
Finished building: Exercise_1.hex
Finished building: Exercise_1.list
Finished building: Exercise_1.bin
 
 
 
11:45:54 **** Incremental Build of configuration Debug for project Exercise_1 ****
make -j12 all 
arm-none-eabi-gcc "../Core/Src/main.c" -mcpu=cortex-m3 -std=gnu11 -g3 -DDEBUG -DUSE_HAL_DRIVER -DSTM32F103x6 -c -I../Core/Inc -I../Drivers/STM32F1xx_HAL_Driver/Inc -I../Drivers/STM32F1xx_HAL_Driver/Inc/Legacy -I../Drivers/CMSIS/Device/ST/STM32F1xx/Include -I../Drivers/CMSIS/Include -O0 -ffunction-sections -fdata-sections -Wall -fstack-usage -MMD -MP -MF"Core/Src/main.d" -MT"Core/Src/main.o" --specs=nano.specs -mfloat-abi=soft -mthumb -o "Core/Src/main.o"
arm-none-eabi-gcc -o "Exercise_1.elf" @"objects.list"   -mcpu=cortex-m3 -T"C:\Users\DELL\Microprocessors-Microcontrollers-Lab\Lab_1\Lab_1_STM32\Exercise_1\STM32F103C6UX_FLASH.ld" --specs=nosys.specs -Wl,-Map="Exercise_1.map" -Wl,--gc-sections -static --specs=nano.specs -mfloat-abi=soft -mthumb -Wl,--start-group -lc -lm -Wl,--end-group
Finished building target: Exercise_1.elf
 
arm-none-eabi-size   Exercise_1.elf 
arm-none-eabi-objdump -h -S  Exercise_1.elf  > "Exercise_1.list"
arm-none-eabi-objcopy  -O ihex  Exercise_1.elf  "Exercise_1.hex"
   text	   data	    bss	    dec	    hex	filename
   4600	     20	   1572	   6192	   1830	Exercise_1.elf
arm-none-eabi-objcopy  -O binary  Exercise_1.elf  "Exercise_1.bin"
Finished building: default.size.stdout
 
Finished building: Exercise_1.hex
Finished building: Exercise_1.list
Finished building: Exercise_1.bin
 
 
 
12:37:15 **** Incremental Build of configuration Debug for project Exercise_1 ****
make -j12 all 
arm-none-eabi-size   Exercise_1.elf 
   text	   data	    bss	    dec	    hex	filename
   4600	     20	   1572	   6192	   1830	Exercise_1.elf
Finished building: default.size.stdout
 
12:37:46 **** Incremental Build of configuration Debug for project Exercise_1 ****
make -j12 all 
arm-none-eabi-size   Exercise_1.elf 
   text	   data	    bss	    dec	    hex	filename
   4600	     20	   1572	   6192	   1830	Exercise_1.elf
Finished building: default.size.stdout
 
12:55:33 **** Build of configuration Debug for project Exercise_2 ****
make -j12 all 
arm-none-eabi-gcc "../Drivers/STM32F1xx_HAL_Driver/Src/stm32f1xx_hal.c" -mcpu=cortex-m3 -std=gnu11 -g3 -DDEBUG -DUSE_HAL_DRIVER -DSTM32F103x6 -c -I../Core/Inc -I../Drivers/STM32F1xx_HAL_Driver/Inc -I../Drivers/STM32F1xx_HAL_Driver/Inc/Legacy -I../Drivers/CMSIS/Device/ST/STM32F1xx/Include -I../Drivers/CMSIS/Include -O0 -ffunction-sections -fdata-sections -Wall -fstack-usage -MMD -MP -MF"Drivers/STM32F1xx_HAL_Driver/Src/stm32f1xx_hal.d" -MT"Drivers/STM32F1xx_HAL_Driver/Src/stm32f1xx_hal.o" --specs=nano.specs -mfloat-abi=soft -mthumb -o "Drivers/STM32F1xx_HAL_Driver/Src/stm32f1xx_hal.o"
arm-none-eabi-gcc "../Drivers/STM32F1xx_HAL_Driver/Src/stm32f1xx_hal_cortex.c" -mcpu=cortex-m3 -std=gnu11 -g3 -DDEBUG -DUSE_HAL_DRIVER -DSTM32F103x6 -c -I../Core/Inc -I../Drivers/STM32F1xx_HAL_Driver/Inc -I../Drivers/STM32F1xx_HAL_Driver/Inc/Legacy -I../Drivers/CMSIS/Device/ST/STM32F1xx/Include -I../Drivers/CMSIS/Include -O0 -ffunction-sections -fdata-sections -Wall -fstack-usage -MMD -MP -MF"Drivers/STM32F1xx_HAL_Driver/Src/stm32f1xx_hal_cortex.d" -MT"Drivers/STM32F1xx_HAL_Driver/Src/stm32f1xx_hal_cortex.o" --specs=nano.specs -mfloat-abi=soft -mthumb -o "Drivers/STM32F1xx_HAL_Driver/Src/stm32f1xx_hal_cortex.o"
arm-none-eabi-gcc "../Drivers/STM32F1xx_HAL_Driver/Src/stm32f1xx_hal_dma.c" -mcpu=cortex-m3 -std=gnu11 -g3 -DDEBUG -DUSE_HAL_DRIVER -DSTM32F103x6 -c -I../Core/Inc -I../Drivers/STM32F1xx_HAL_Driver/Inc -I../Drivers/STM32F1xx_HAL_Driver/Inc/Legacy -I../Drivers/CMSIS/Device/ST/STM32F1xx/Include -I../Drivers/CMSIS/Include -O0 -ffunction-sections -fdata-sections -Wall -fstack-usage -MMD -MP -MF"Drivers/STM32F1xx_HAL_Driver/Src/stm32f1xx_hal_dma.d" -MT"Drivers/STM32F1xx_HAL_Driver/Src/stm32f1xx_hal_dma.o" --specs=nano.specs -mfloat-abi=soft -mthumb -o "Drivers/STM32F1xx_HAL_Driver/Src/stm32f1xx_hal_dma.o"
arm-none-eabi-gcc "../Drivers/STM32F1xx_HAL_Driver/Src/stm32f1xx_hal_exti.c" -mcpu=cortex-m3 -std=gnu11 -g3 -DDEBUG -DUSE_HAL_DRIVER -DSTM32F103x6 -c -I../Core/Inc -I../Drivers/STM32F1xx_HAL_Driver/Inc -I../Drivers/STM32F1xx_HAL_Driver/Inc/Legacy -I../Drivers/CMSIS/Device/ST/STM32F1xx/Include -I../Drivers/CMSIS/Include -O0 -ffunction-sections -fdata-sections -Wall -fstack-usage -MMD -MP -MF"Drivers/STM32F1xx_HAL_Driver/Src/stm32f1xx_hal_exti.d" -MT"Drivers/STM32F1xx_HAL_Driver/Src/stm32f1xx_hal_exti.o" --specs=nano.specs -mfloat-abi=soft -mthumb -o "Drivers/STM32F1xx_HAL_Driver/Src/stm32f1xx_hal_exti.o"
arm-none-eabi-gcc "../Drivers/STM32F1xx_HAL_Driver/Src/stm32f1xx_hal_flash.c" -mcpu=cortex-m3 -std=gnu11 -g3 -DDEBUG -DUSE_HAL_DRIVER -DSTM32F103x6 -c -I../Core/Inc -I../Drivers/STM32F1xx_HAL_Driver/Inc -I../Drivers/STM32F1xx_HAL_Driver/Inc/Legacy -I../Drivers/CMSIS/Device/ST/STM32F1xx/Include -I../Drivers/CMSIS/Include -O0 -ffunction-sections -fdata-sections -Wall -fstack-usage -MMD -MP -MF"Drivers/STM32F1xx_HAL_Driver/Src/stm32f1xx_hal_flash.d" -MT"Drivers/STM32F1xx_HAL_Driver/Src/stm32f1xx_hal_flash.o" --specs=nano.specs -mfloat-abi=soft -mthumb -o "Drivers/STM32F1xx_HAL_Driver/Src/stm32f1xx_hal_flash.o"
arm-none-eabi-gcc "../Drivers/STM32F1xx_HAL_Driver/Src/stm32f1xx_hal_flash_ex.c" -mcpu=cortex-m3 -std=gnu11 -g3 -DDEBUG -DUSE_HAL_DRIVER -DSTM32F103x6 -c -I../Core/Inc -I../Drivers/STM32F1xx_HAL_Driver/Inc -I../Drivers/STM32F1xx_HAL_Driver/Inc/Legacy -I../Drivers/CMSIS/Device/ST/STM32F1xx/Include -I../Drivers/CMSIS/Include -O0 -ffunction-sections -fdata-sections -Wall -fstack-usage -MMD -MP -MF"Drivers/STM32F1xx_HAL_Driver/Src/stm32f1xx_hal_flash_ex.d" -MT"Drivers/STM32F1xx_HAL_Driver/Src/stm32f1xx_hal_flash_ex.o" --specs=nano.specs -mfloat-abi=soft -mthumb -o "Drivers/STM32F1xx_HAL_Driver/Src/stm32f1xx_hal_flash_ex.o"
arm-none-eabi-gcc "../Drivers/STM32F1xx_HAL_Driver/Src/stm32f1xx_hal_gpio.c" -mcpu=cortex-m3 -std=gnu11 -g3 -DDEBUG -DUSE_HAL_DRIVER -DSTM32F103x6 -c -I../Core/Inc -I../Drivers/STM32F1xx_HAL_Driver/Inc -I../Drivers/STM32F1xx_HAL_Driver/Inc/Legacy -I../Drivers/CMSIS/Device/ST/STM32F1xx/Include -I../Drivers/CMSIS/Include -O0 -ffunction-sections -fdata-sections -Wall -fstack-usage -MMD -MP -MF"Drivers/STM32F1xx_HAL_Driver/Src/stm32f1xx_hal_gpio.d" -MT"Drivers/STM32F1xx_HAL_Driver/Src/stm32f1xx_hal_gpio.o" --specs=nano.specs -mfloat-abi=soft -mthumb -o "Drivers/STM32F1xx_HAL_Driver/Src/stm32f1xx_hal_gpio.o"
arm-none-eabi-gcc "../Drivers/STM32F1xx_HAL_Driver/Src/stm32f1xx_hal_gpio_ex.c" -mcpu=cortex-m3 -std=gnu11 -g3 -DDEBUG -DUSE_HAL_DRIVER -DSTM32F103x6 -c -I../Core/Inc -I../Drivers/STM32F1xx_HAL_Driver/Inc -I../Drivers/STM32F1xx_HAL_Driver/Inc/Legacy -I../Drivers/CMSIS/Device/ST/STM32F1xx/Include -I../Drivers/CMSIS/Include -O0 -ffunction-sections -fdata-sections -Wall -fstack-usage -MMD -MP -MF"Drivers/STM32F1xx_HAL_Driver/Src/stm32f1xx_hal_gpio_ex.d" -MT"Drivers/STM32F1xx_HAL_Driver/Src/stm32f1xx_hal_gpio_ex.o" --specs=nano.specs -mfloat-abi=soft -mthumb -o "Drivers/STM32F1xx_HAL_Driver/Src/stm32f1xx_hal_gpio_ex.o"
arm-none-eabi-gcc "../Drivers/STM32F1xx_HAL_Driver/Src/stm32f1xx_hal_pwr.c" -mcpu=cortex-m3 -std=gnu11 -g3 -DDEBUG -DUSE_HAL_DRIVER -DSTM32F103x6 -c -I../Core/Inc -I../Drivers/STM32F1xx_HAL_Driver/Inc -I../Drivers/STM32F1xx_HAL_Driver/Inc/Legacy -I../Drivers/CMSIS/Device/ST/STM32F1xx/Include -I../Drivers/CMSIS/Include -O0 -ffunction-sections -fdata-sections -Wall -fstack-usage -MMD -MP -MF"Drivers/STM32F1xx_HAL_Driver/Src/stm32f1xx_hal_pwr.d" -MT"Drivers/STM32F1xx_HAL_Driver/Src/stm32f1xx_hal_pwr.o" --specs=nano.specs -mfloat-abi=soft -mthumb -o "Drivers/STM32F1xx_HAL_Driver/Src/stm32f1xx_hal_pwr.o"
arm-none-eabi-gcc "../Drivers/STM32F1xx_HAL_Driver/Src/stm32f1xx_hal_rcc.c" -mcpu=cortex-m3 -std=gnu11 -g3 -DDEBUG -DUSE_HAL_DRIVER -DSTM32F103x6 -c -I../Core/Inc -I../Drivers/STM32F1xx_HAL_Driver/Inc -I../Drivers/STM32F1xx_HAL_Driver/Inc/Legacy -I../Drivers/CMSIS/Device/ST/STM32F1xx/Include -I../Drivers/CMSIS/Include -O0 -ffunction-sections -fdata-sections -Wall -fstack-usage -MMD -MP -MF"Drivers/STM32F1xx_HAL_Driver/Src/stm32f1xx_hal_rcc.d" -MT"Drivers/STM32F1xx_HAL_Driver/Src/stm32f1xx_hal_rcc.o" --specs=nano.specs -mfloat-abi=soft -mthumb -o "Drivers/STM32F1xx_HAL_Driver/Src/stm32f1xx_hal_rcc.o"
arm-none-eabi-gcc "../Drivers/STM32F1xx_HAL_Driver/Src/stm32f1xx_hal_rcc_ex.c" -mcpu=cortex-m3 -std=gnu11 -g3 -DDEBUG -DUSE_HAL_DRIVER -DSTM32F103x6 -c -I../Core/Inc -I../Drivers/STM32F1xx_HAL_Driver/Inc -I../Drivers/STM32F1xx_HAL_Driver/Inc/Legacy -I../Drivers/CMSIS/Device/ST/STM32F1xx/Include -I../Drivers/CMSIS/Include -O0 -ffunction-sections -fdata-sections -Wall -fstack-usage -MMD -MP -MF"Drivers/STM32F1xx_HAL_Driver/Src/stm32f1xx_hal_rcc_ex.d" -MT"Drivers/STM32F1xx_HAL_Driver/Src/stm32f1xx_hal_rcc_ex.o" --specs=nano.specs -mfloat-abi=soft -mthumb -o "Drivers/STM32F1xx_HAL_Driver/Src/stm32f1xx_hal_rcc_ex.o"
arm-none-eabi-gcc "../Drivers/STM32F1xx_HAL_Driver/Src/stm32f1xx_hal_tim.c" -mcpu=cortex-m3 -std=gnu11 -g3 -DDEBUG -DUSE_HAL_DRIVER -DSTM32F103x6 -c -I../Core/Inc -I../Drivers/STM32F1xx_HAL_Driver/Inc -I../Drivers/STM32F1xx_HAL_Driver/Inc/Legacy -I../Drivers/CMSIS/Device/ST/STM32F1xx/Include -I../Drivers/CMSIS/Include -O0 -ffunction-sections -fdata-sections -Wall -fstack-usage -MMD -MP -MF"Drivers/STM32F1xx_HAL_Driver/Src/stm32f1xx_hal_tim.d" -MT"Drivers/STM32F1xx_HAL_Driver/Src/stm32f1xx_hal_tim.o" --specs=nano.specs -mfloat-abi=soft -mthumb -o "Drivers/STM32F1xx_HAL_Driver/Src/stm32f1xx_hal_tim.o"
arm-none-eabi-gcc "../Drivers/STM32F1xx_HAL_Driver/Src/stm32f1xx_hal_tim_ex.c" -mcpu=cortex-m3 -std=gnu11 -g3 -DDEBUG -DUSE_HAL_DRIVER -DSTM32F103x6 -c -I../Core/Inc -I../Drivers/STM32F1xx_HAL_Driver/Inc -I../Drivers/STM32F1xx_HAL_Driver/Inc/Legacy -I../Drivers/CMSIS/Device/ST/STM32F1xx/Include -I../Drivers/CMSIS/Include -O0 -ffunction-sections -fdata-sections -Wall -fstack-usage -MMD -MP -MF"Drivers/STM32F1xx_HAL_Driver/Src/stm32f1xx_hal_tim_ex.d" -MT"Drivers/STM32F1xx_HAL_Driver/Src/stm32f1xx_hal_tim_ex.o" --specs=nano.specs -mfloat-abi=soft -mthumb -o "Drivers/STM32F1xx_HAL_Driver/Src/stm32f1xx_hal_tim_ex.o"
arm-none-eabi-gcc -mcpu=cortex-m3 -g3 -DDEBUG -c -x assembler-with-cpp -MMD -MP -MF"Core/Startup/startup_stm32f103c6ux.d" -MT"Core/Startup/startup_stm32f103c6ux.o" --specs=nano.specs -mfloat-abi=soft -mthumb -o "Core/Startup/startup_stm32f103c6ux.o" "../Core/Startup/startup_stm32f103c6ux.s"
arm-none-eabi-gcc "../Core/Src/main.c" -mcpu=cortex-m3 -std=gnu11 -g3 -DDEBUG -DUSE_HAL_DRIVER -DSTM32F103x6 -c -I../Core/Inc -I../Drivers/STM32F1xx_HAL_Driver/Inc -I../Drivers/STM32F1xx_HAL_Driver/Inc/Legacy -I../Drivers/CMSIS/Device/ST/STM32F1xx/Include -I../Drivers/CMSIS/Include -O0 -ffunction-sections -fdata-sections -Wall -fstack-usage -MMD -MP -MF"Core/Src/main.d" -MT"Core/Src/main.o" --specs=nano.specs -mfloat-abi=soft -mthumb -o "Core/Src/main.o"
arm-none-eabi-gcc "../Core/Src/stm32f1xx_hal_msp.c" -mcpu=cortex-m3 -std=gnu11 -g3 -DDEBUG -DUSE_HAL_DRIVER -DSTM32F103x6 -c -I../Core/Inc -I../Drivers/STM32F1xx_HAL_Driver/Inc -I../Drivers/STM32F1xx_HAL_Driver/Inc/Legacy -I../Drivers/CMSIS/Device/ST/STM32F1xx/Include -I../Drivers/CMSIS/Include -O0 -ffunction-sections -fdata-sections -Wall -fstack-usage -MMD -MP -MF"Core/Src/stm32f1xx_hal_msp.d" -MT"Core/Src/stm32f1xx_hal_msp.o" --specs=nano.specs -mfloat-abi=soft -mthumb -o "Core/Src/stm32f1xx_hal_msp.o"
arm-none-eabi-gcc "../Core/Src/stm32f1xx_it.c" -mcpu=cortex-m3 -std=gnu11 -g3 -DDEBUG -DUSE_HAL_DRIVER -DSTM32F103x6 -c -I../Core/Inc -I../Drivers/STM32F1xx_HAL_Driver/Inc -I../Drivers/STM32F1xx_HAL_Driver/Inc/Legacy -I../Drivers/CMSIS/Device/ST/STM32F1xx/Include -I../Drivers/CMSIS/Include -O0 -ffunction-sections -fdata-sections -Wall -fstack-usage -MMD -MP -MF"Core/Src/stm32f1xx_it.d" -MT"Core/Src/stm32f1xx_it.o" --specs=nano.specs -mfloat-abi=soft -mthumb -o "Core/Src/stm32f1xx_it.o"
arm-none-eabi-gcc "../Core/Src/syscalls.c" -mcpu=cortex-m3 -std=gnu11 -g3 -DDEBUG -DUSE_HAL_DRIVER -DSTM32F103x6 -c -I../Core/Inc -I../Drivers/STM32F1xx_HAL_Driver/Inc -I../Drivers/STM32F1xx_HAL_Driver/Inc/Legacy -I../Drivers/CMSIS/Device/ST/STM32F1xx/Include -I../Drivers/CMSIS/Include -O0 -ffunction-sections -fdata-sections -Wall -fstack-usage -MMD -MP -MF"Core/Src/syscalls.d" -MT"Core/Src/syscalls.o" --specs=nano.specs -mfloat-abi=soft -mthumb -o "Core/Src/syscalls.o"
arm-none-eabi-gcc "../Core/Src/sysmem.c" -mcpu=cortex-m3 -std=gnu11 -g3 -DDEBUG -DUSE_HAL_DRIVER -DSTM32F103x6 -c -I../Core/Inc -I../Drivers/STM32F1xx_HAL_Driver/Inc -I../Drivers/STM32F1xx_HAL_Driver/Inc/Legacy -I../Drivers/CMSIS/Device/ST/STM32F1xx/Include -I../Drivers/CMSIS/Include -O0 -ffunction-sections -fdata-sections -Wall -fstack-usage -MMD -MP -MF"Core/Src/sysmem.d" -MT"Core/Src/sysmem.o" --specs=nano.specs -mfloat-abi=soft -mthumb -o "Core/Src/sysmem.o"
arm-none-eabi-gcc "../Core/Src/system_stm32f1xx.c" -mcpu=cortex-m3 -std=gnu11 -g3 -DDEBUG -DUSE_HAL_DRIVER -DSTM32F103x6 -c -I../Core/Inc -I../Drivers/STM32F1xx_HAL_Driver/Inc -I../Drivers/STM32F1xx_HAL_Driver/Inc/Legacy -I../Drivers/CMSIS/Device/ST/STM32F1xx/Include -I../Drivers/CMSIS/Include -O0 -ffunction-sections -fdata-sections -Wall -fstack-usage -MMD -MP -MF"Core/Src/system_stm32f1xx.d" -MT"Core/Src/system_stm32f1xx.o" --specs=nano.specs -mfloat-abi=soft -mthumb -o "Core/Src/system_stm32f1xx.o"
../Core/Src/main.c: In function 'main':
../Core/Src/main.c:96:38: error: 'LED_RED_GPIO_Pin' undeclared (first use in this function); did you mean 'LED_RED_GPIO_Port'?
   96 |    TogglePinDelay(LED_RED_GPIO_Port, LED_RED_GPIO_Pin, 5000);
      |                                      ^~~~~~~~~~~~~~~~
      |                                      LED_RED_GPIO_Port
../Core/Src/main.c:96:38: note: each undeclared identifier is reported only once for each function it appears in
../Core/Src/main.c:97:40: error: 'LED_GREEN_GPIO_Pin' undeclared (first use in this function); did you mean 'LED_GREEN_GPIO_Port'?
   97 |    TogglePinDelay(LED_GREEN_GPIO_Port, LED_GREEN_GPIO_Pin, 2000);
      |                                        ^~~~~~~~~~~~~~~~~~
      |                                        LED_GREEN_GPIO_Port
../Core/Src/main.c:98:41: error: 'LED_YELLOW_GPIO_Pin' undeclared (first use in this function); did you mean 'LED_YELLOW_GPIO_Port'?
   98 |    TogglePinDelay(LED_YELLOW_GPIO_Port, LED_YELLOW_GPIO_Pin, 3000);
      |                                         ^~~~~~~~~~~~~~~~~~~
      |                                         LED_YELLOW_GPIO_Port
make: *** [Core/Src/subdir.mk:34: Core/Src/main.o] Error 1
make: *** Waiting for unfinished jobs....
"make -j12 all" terminated with exit code 2. Build might be incomplete.
12:57:35 **** Incremental Build of configuration Debug for project Exercise_2 ****
make -j12 all 
arm-none-eabi-gcc "../Core/Src/main.c" -mcpu=cortex-m3 -std=gnu11 -g3 -DDEBUG -DUSE_HAL_DRIVER -DSTM32F103x6 -c -I../Core/Inc -I../Drivers/STM32F1xx_HAL_Driver/Inc -I../Drivers/STM32F1xx_HAL_Driver/Inc/Legacy -I../Drivers/CMSIS/Device/ST/STM32F1xx/Include -I../Drivers/CMSIS/Include -O0 -ffunction-sections -fdata-sections -Wall -fstack-usage -MMD -MP -MF"Core/Src/main.d" -MT"Core/Src/main.o" --specs=nano.specs -mfloat-abi=soft -mthumb -o "Core/Src/main.o"
arm-none-eabi-gcc -o "Exercise_2.elf" @"objects.list"   -mcpu=cortex-m3 -T"C:\Users\DELL\Microprocessors-Microcontrollers-Lab\Lab_1\Lab_1_STM32\Exercise_2\STM32F103C6UX_FLASH.ld" --specs=nosys.specs -Wl,-Map="Exercise_2.map" -Wl,--gc-sections -static --specs=nano.specs -mfloat-abi=soft -mthumb -Wl,--start-group -lc -lm -Wl,--end-group
Finished building target: Exercise_2.elf
 
arm-none-eabi-size   Exercise_2.elf 
arm-none-eabi-objdump -h -S  Exercise_2.elf  > "Exercise_2.list"
arm-none-eabi-objcopy  -O ihex  Exercise_2.elf  "Exercise_2.hex"
   text	   data	    bss	    dec	    hex	filename
   4632	     20	   1572	   6224	   1850	Exercise_2.elf
arm-none-eabi-objcopy  -O binary  Exercise_2.elf  "Exercise_2.bin"
Finished building: default.size.stdout
 
Finished building: Exercise_2.list
 
Finished building: Exercise_2.hex
Finished building: Exercise_2.bin
 
 
13:12:55 **** Incremental Build of configuration Debug for project Exercise_1 ****
make -j12 all 
arm-none-eabi-gcc "../Core/Src/main.c" -mcpu=cortex-m3 -std=gnu11 -g3 -DDEBUG -DUSE_HAL_DRIVER -DSTM32F103x6 -c -I../Core/Inc -I../Drivers/STM32F1xx_HAL_Driver/Inc -I../Drivers/STM32F1xx_HAL_Driver/Inc/Legacy -I../Drivers/CMSIS/Device/ST/STM32F1xx/Include -I../Drivers/CMSIS/Include -O0 -ffunction-sections -fdata-sections -Wall -fstack-usage -MMD -MP -MF"Core/Src/main.d" -MT"Core/Src/main.o" --specs=nano.specs -mfloat-abi=soft -mthumb -o "Core/Src/main.o"
arm-none-eabi-gcc -o "Exercise_1.elf" @"objects.list"   -mcpu=cortex-m3 -T"C:\Users\DELL\Microprocessors-Microcontrollers-Lab\Lab_1\Lab_1_STM32\Exercise_1\STM32F103C6UX_FLASH.ld" --specs=nosys.specs -Wl,-Map="Exercise_1.map" -Wl,--gc-sections -static --specs=nano.specs -mfloat-abi=soft -mthumb -Wl,--start-group -lc -lm -Wl,--end-group
Finished building target: Exercise_1.elf
 
arm-none-eabi-size   Exercise_1.elf 
arm-none-eabi-objdump -h -S  Exercise_1.elf  > "Exercise_1.list"
arm-none-eabi-objcopy  -O ihex  Exercise_1.elf  "Exercise_1.hex"
   text	   data	    bss	    dec	    hex	filename
   4580	     20	   1572	   6172	   181c	Exercise_1.elf
arm-none-eabi-objcopy  -O binary  Exercise_1.elf  "Exercise_1.bin"
Finished building: default.size.stdout
 
Finished building: Exercise_1.hex
Finished building: Exercise_1.list
Finished building: Exercise_1.bin
 
 
 
13:21:45 **** Incremental Build of configuration Debug for project Exercise_1 ****
make -j12 all 
arm-none-eabi-gcc "../Core/Src/main.c" -mcpu=cortex-m3 -std=gnu11 -g3 -DDEBUG -DUSE_HAL_DRIVER -DSTM32F103x6 -c -I../Core/Inc -I../Drivers/STM32F1xx_HAL_Driver/Inc -I../Drivers/STM32F1xx_HAL_Driver/Inc/Legacy -I../Drivers/CMSIS/Device/ST/STM32F1xx/Include -I../Drivers/CMSIS/Include -O0 -ffunction-sections -fdata-sections -Wall -fstack-usage -MMD -MP -MF"Core/Src/main.d" -MT"Core/Src/main.o" --specs=nano.specs -mfloat-abi=soft -mthumb -o "Core/Src/main.o"
arm-none-eabi-gcc -o "Exercise_1.elf" @"objects.list"   -mcpu=cortex-m3 -T"C:\Users\DELL\Microprocessors-Microcontrollers-Lab\Lab_1\Lab_1_STM32\Exercise_1\STM32F103C6UX_FLASH.ld" --specs=nosys.specs -Wl,-Map="Exercise_1.map" -Wl,--gc-sections -static --specs=nano.specs -mfloat-abi=soft -mthumb -Wl,--start-group -lc -lm -Wl,--end-group
Finished building target: Exercise_1.elf
 
arm-none-eabi-size   Exercise_1.elf 
arm-none-eabi-objdump -h -S  Exercise_1.elf  > "Exercise_1.list"
arm-none-eabi-objcopy  -O ihex  Exercise_1.elf  "Exercise_1.hex"
   text	   data	    bss	    dec	    hex	filename
   4600	     20	   1572	   6192	   1830	Exercise_1.elf
arm-none-eabi-objcopy  -O binary  Exercise_1.elf  "Exercise_1.bin"
Finished building: default.size.stdout
 
Finished building: Exercise_1.hex
Finished building: Exercise_1.list
Finished building: Exercise_1.bin
 
 
 
13:29:07 **** Incremental Build of configuration Debug for project Exercise_2 ****
make -j12 all 
arm-none-eabi-gcc "../Core/Src/main.c" -mcpu=cortex-m3 -std=gnu11 -g3 -DDEBUG -DUSE_HAL_DRIVER -DSTM32F103x6 -c -I../Core/Inc -I../Drivers/STM32F1xx_HAL_Driver/Inc -I../Drivers/STM32F1xx_HAL_Driver/Inc/Legacy -I../Drivers/CMSIS/Device/ST/STM32F1xx/Include -I../Drivers/CMSIS/Include -O0 -ffunction-sections -fdata-sections -Wall -fstack-usage -MMD -MP -MF"Core/Src/main.d" -MT"Core/Src/main.o" --specs=nano.specs -mfloat-abi=soft -mthumb -o "Core/Src/main.o"
arm-none-eabi-gcc -o "Exercise_2.elf" @"objects.list"   -mcpu=cortex-m3 -T"C:\Users\DELL\Microprocessors-Microcontrollers-Lab\Lab_1\Lab_1_STM32\Exercise_2\STM32F103C6UX_FLASH.ld" --specs=nosys.specs -Wl,-Map="Exercise_2.map" -Wl,--gc-sections -static --specs=nano.specs -mfloat-abi=soft -mthumb -Wl,--start-group -lc -lm -Wl,--end-group
Finished building target: Exercise_2.elf
 
arm-none-eabi-size   Exercise_2.elf 
arm-none-eabi-objdump -h -S  Exercise_2.elf  > "Exercise_2.list"
arm-none-eabi-objcopy  -O ihex  Exercise_2.elf  "Exercise_2.hex"
   text	   data	    bss	    dec	    hex	filename
   4644	     20	   1572	   6236	   185c	Exercise_2.elf
arm-none-eabi-objcopy  -O binary  Exercise_2.elf  "Exercise_2.bin"
Finished building: default.size.stdout
 
Finished building: Exercise_2.hex
Finished building: Exercise_2.list
Finished building: Exercise_2.bin
 
 
 
13:33:29 **** Incremental Build of configuration Debug for project Exercise_2 ****
make -j12 all 
arm-none-eabi-gcc "../Core/Src/main.c" -mcpu=cortex-m3 -std=gnu11 -g3 -DDEBUG -DUSE_HAL_DRIVER -DSTM32F103x6 -c -I../Core/Inc -I../Drivers/STM32F1xx_HAL_Driver/Inc -I../Drivers/STM32F1xx_HAL_Driver/Inc/Legacy -I../Drivers/CMSIS/Device/ST/STM32F1xx/Include -I../Drivers/CMSIS/Include -O0 -ffunction-sections -fdata-sections -Wall -fstack-usage -MMD -MP -MF"Core/Src/main.d" -MT"Core/Src/main.o" --specs=nano.specs -mfloat-abi=soft -mthumb -o "Core/Src/main.o"
arm-none-eabi-gcc -o "Exercise_2.elf" @"objects.list"   -mcpu=cortex-m3 -T"C:\Users\DELL\Microprocessors-Microcontrollers-Lab\Lab_1\Lab_1_STM32\Exercise_2\STM32F103C6UX_FLASH.ld" --specs=nosys.specs -Wl,-Map="Exercise_2.map" -Wl,--gc-sections -static --specs=nano.specs -mfloat-abi=soft -mthumb -Wl,--start-group -lc -lm -Wl,--end-group
Finished building target: Exercise_2.elf
 
arm-none-eabi-size   Exercise_2.elf 
arm-none-eabi-objdump -h -S  Exercise_2.elf  > "Exercise_2.list"
arm-none-eabi-objcopy  -O ihex  Exercise_2.elf  "Exercise_2.hex"
   text	   data	    bss	    dec	    hex	filename
   4644	     20	   1572	   6236	   185c	Exercise_2.elf
arm-none-eabi-objcopy  -O binary  Exercise_2.elf  "Exercise_2.bin"
Finished building: default.size.stdout
 
Finished building: Exercise_2.hex
Finished building: Exercise_2.list
Finished building: Exercise_2.bin
 
 
 
13:49:22 **** Build of configuration Debug for project Exercise_3 ****
make -j12 all 
arm-none-eabi-gcc "../Drivers/STM32F1xx_HAL_Driver/Src/stm32f1xx_hal.c" -mcpu=cortex-m3 -std=gnu11 -g3 -DDEBUG -DUSE_HAL_DRIVER -DSTM32F103x6 -c -I../Core/Inc -I../Drivers/STM32F1xx_HAL_Driver/Inc -I../Drivers/STM32F1xx_HAL_Driver/Inc/Legacy -I../Drivers/CMSIS/Device/ST/STM32F1xx/Include -I../Drivers/CMSIS/Include -O0 -ffunction-sections -fdata-sections -Wall -fstack-usage -MMD -MP -MF"Drivers/STM32F1xx_HAL_Driver/Src/stm32f1xx_hal.d" -MT"Drivers/STM32F1xx_HAL_Driver/Src/stm32f1xx_hal.o" --specs=nano.specs -mfloat-abi=soft -mthumb -o "Drivers/STM32F1xx_HAL_Driver/Src/stm32f1xx_hal.o"
arm-none-eabi-gcc "../Drivers/STM32F1xx_HAL_Driver/Src/stm32f1xx_hal_cortex.c" -mcpu=cortex-m3 -std=gnu11 -g3 -DDEBUG -DUSE_HAL_DRIVER -DSTM32F103x6 -c -I../Core/Inc -I../Drivers/STM32F1xx_HAL_Driver/Inc -I../Drivers/STM32F1xx_HAL_Driver/Inc/Legacy -I../Drivers/CMSIS/Device/ST/STM32F1xx/Include -I../Drivers/CMSIS/Include -O0 -ffunction-sections -fdata-sections -Wall -fstack-usage -MMD -MP -MF"Drivers/STM32F1xx_HAL_Driver/Src/stm32f1xx_hal_cortex.d" -MT"Drivers/STM32F1xx_HAL_Driver/Src/stm32f1xx_hal_cortex.o" --specs=nano.specs -mfloat-abi=soft -mthumb -o "Drivers/STM32F1xx_HAL_Driver/Src/stm32f1xx_hal_cortex.o"
arm-none-eabi-gcc "../Drivers/STM32F1xx_HAL_Driver/Src/stm32f1xx_hal_dma.c" -mcpu=cortex-m3 -std=gnu11 -g3 -DDEBUG -DUSE_HAL_DRIVER -DSTM32F103x6 -c -I../Core/Inc -I../Drivers/STM32F1xx_HAL_Driver/Inc -I../Drivers/STM32F1xx_HAL_Driver/Inc/Legacy -I../Drivers/CMSIS/Device/ST/STM32F1xx/Include -I../Drivers/CMSIS/Include -O0 -ffunction-sections -fdata-sections -Wall -fstack-usage -MMD -MP -MF"Drivers/STM32F1xx_HAL_Driver/Src/stm32f1xx_hal_dma.d" -MT"Drivers/STM32F1xx_HAL_Driver/Src/stm32f1xx_hal_dma.o" --specs=nano.specs -mfloat-abi=soft -mthumb -o "Drivers/STM32F1xx_HAL_Driver/Src/stm32f1xx_hal_dma.o"
arm-none-eabi-gcc "../Drivers/STM32F1xx_HAL_Driver/Src/stm32f1xx_hal_exti.c" -mcpu=cortex-m3 -std=gnu11 -g3 -DDEBUG -DUSE_HAL_DRIVER -DSTM32F103x6 -c -I../Core/Inc -I../Drivers/STM32F1xx_HAL_Driver/Inc -I../Drivers/STM32F1xx_HAL_Driver/Inc/Legacy -I../Drivers/CMSIS/Device/ST/STM32F1xx/Include -I../Drivers/CMSIS/Include -O0 -ffunction-sections -fdata-sections -Wall -fstack-usage -MMD -MP -MF"Drivers/STM32F1xx_HAL_Driver/Src/stm32f1xx_hal_exti.d" -MT"Drivers/STM32F1xx_HAL_Driver/Src/stm32f1xx_hal_exti.o" --specs=nano.specs -mfloat-abi=soft -mthumb -o "Drivers/STM32F1xx_HAL_Driver/Src/stm32f1xx_hal_exti.o"
arm-none-eabi-gcc "../Drivers/STM32F1xx_HAL_Driver/Src/stm32f1xx_hal_flash.c" -mcpu=cortex-m3 -std=gnu11 -g3 -DDEBUG -DUSE_HAL_DRIVER -DSTM32F103x6 -c -I../Core/Inc -I../Drivers/STM32F1xx_HAL_Driver/Inc -I../Drivers/STM32F1xx_HAL_Driver/Inc/Legacy -I../Drivers/CMSIS/Device/ST/STM32F1xx/Include -I../Drivers/CMSIS/Include -O0 -ffunction-sections -fdata-sections -Wall -fstack-usage -MMD -MP -MF"Drivers/STM32F1xx_HAL_Driver/Src/stm32f1xx_hal_flash.d" -MT"Drivers/STM32F1xx_HAL_Driver/Src/stm32f1xx_hal_flash.o" --specs=nano.specs -mfloat-abi=soft -mthumb -o "Drivers/STM32F1xx_HAL_Driver/Src/stm32f1xx_hal_flash.o"
arm-none-eabi-gcc "../Drivers/STM32F1xx_HAL_Driver/Src/stm32f1xx_hal_flash_ex.c" -mcpu=cortex-m3 -std=gnu11 -g3 -DDEBUG -DUSE_HAL_DRIVER -DSTM32F103x6 -c -I../Core/Inc -I../Drivers/STM32F1xx_HAL_Driver/Inc -I../Drivers/STM32F1xx_HAL_Driver/Inc/Legacy -I../Drivers/CMSIS/Device/ST/STM32F1xx/Include -I../Drivers/CMSIS/Include -O0 -ffunction-sections -fdata-sections -Wall -fstack-usage -MMD -MP -MF"Drivers/STM32F1xx_HAL_Driver/Src/stm32f1xx_hal_flash_ex.d" -MT"Drivers/STM32F1xx_HAL_Driver/Src/stm32f1xx_hal_flash_ex.o" --specs=nano.specs -mfloat-abi=soft -mthumb -o "Drivers/STM32F1xx_HAL_Driver/Src/stm32f1xx_hal_flash_ex.o"
arm-none-eabi-gcc "../Drivers/STM32F1xx_HAL_Driver/Src/stm32f1xx_hal_gpio.c" -mcpu=cortex-m3 -std=gnu11 -g3 -DDEBUG -DUSE_HAL_DRIVER -DSTM32F103x6 -c -I../Core/Inc -I../Drivers/STM32F1xx_HAL_Driver/Inc -I../Drivers/STM32F1xx_HAL_Driver/Inc/Legacy -I../Drivers/CMSIS/Device/ST/STM32F1xx/Include -I../Drivers/CMSIS/Include -O0 -ffunction-sections -fdata-sections -Wall -fstack-usage -MMD -MP -MF"Drivers/STM32F1xx_HAL_Driver/Src/stm32f1xx_hal_gpio.d" -MT"Drivers/STM32F1xx_HAL_Driver/Src/stm32f1xx_hal_gpio.o" --specs=nano.specs -mfloat-abi=soft -mthumb -o "Drivers/STM32F1xx_HAL_Driver/Src/stm32f1xx_hal_gpio.o"
arm-none-eabi-gcc "../Drivers/STM32F1xx_HAL_Driver/Src/stm32f1xx_hal_gpio_ex.c" -mcpu=cortex-m3 -std=gnu11 -g3 -DDEBUG -DUSE_HAL_DRIVER -DSTM32F103x6 -c -I../Core/Inc -I../Drivers/STM32F1xx_HAL_Driver/Inc -I../Drivers/STM32F1xx_HAL_Driver/Inc/Legacy -I../Drivers/CMSIS/Device/ST/STM32F1xx/Include -I../Drivers/CMSIS/Include -O0 -ffunction-sections -fdata-sections -Wall -fstack-usage -MMD -MP -MF"Drivers/STM32F1xx_HAL_Driver/Src/stm32f1xx_hal_gpio_ex.d" -MT"Drivers/STM32F1xx_HAL_Driver/Src/stm32f1xx_hal_gpio_ex.o" --specs=nano.specs -mfloat-abi=soft -mthumb -o "Drivers/STM32F1xx_HAL_Driver/Src/stm32f1xx_hal_gpio_ex.o"
arm-none-eabi-gcc "../Drivers/STM32F1xx_HAL_Driver/Src/stm32f1xx_hal_pwr.c" -mcpu=cortex-m3 -std=gnu11 -g3 -DDEBUG -DUSE_HAL_DRIVER -DSTM32F103x6 -c -I../Core/Inc -I../Drivers/STM32F1xx_HAL_Driver/Inc -I../Drivers/STM32F1xx_HAL_Driver/Inc/Legacy -I../Drivers/CMSIS/Device/ST/STM32F1xx/Include -I../Drivers/CMSIS/Include -O0 -ffunction-sections -fdata-sections -Wall -fstack-usage -MMD -MP -MF"Drivers/STM32F1xx_HAL_Driver/Src/stm32f1xx_hal_pwr.d" -MT"Drivers/STM32F1xx_HAL_Driver/Src/stm32f1xx_hal_pwr.o" --specs=nano.specs -mfloat-abi=soft -mthumb -o "Drivers/STM32F1xx_HAL_Driver/Src/stm32f1xx_hal_pwr.o"
arm-none-eabi-gcc "../Drivers/STM32F1xx_HAL_Driver/Src/stm32f1xx_hal_rcc.c" -mcpu=cortex-m3 -std=gnu11 -g3 -DDEBUG -DUSE_HAL_DRIVER -DSTM32F103x6 -c -I../Core/Inc -I../Drivers/STM32F1xx_HAL_Driver/Inc -I../Drivers/STM32F1xx_HAL_Driver/Inc/Legacy -I../Drivers/CMSIS/Device/ST/STM32F1xx/Include -I../Drivers/CMSIS/Include -O0 -ffunction-sections -fdata-sections -Wall -fstack-usage -MMD -MP -MF"Drivers/STM32F1xx_HAL_Driver/Src/stm32f1xx_hal_rcc.d" -MT"Drivers/STM32F1xx_HAL_Driver/Src/stm32f1xx_hal_rcc.o" --specs=nano.specs -mfloat-abi=soft -mthumb -o "Drivers/STM32F1xx_HAL_Driver/Src/stm32f1xx_hal_rcc.o"
arm-none-eabi-gcc "../Drivers/STM32F1xx_HAL_Driver/Src/stm32f1xx_hal_rcc_ex.c" -mcpu=cortex-m3 -std=gnu11 -g3 -DDEBUG -DUSE_HAL_DRIVER -DSTM32F103x6 -c -I../Core/Inc -I../Drivers/STM32F1xx_HAL_Driver/Inc -I../Drivers/STM32F1xx_HAL_Driver/Inc/Legacy -I../Drivers/CMSIS/Device/ST/STM32F1xx/Include -I../Drivers/CMSIS/Include -O0 -ffunction-sections -fdata-sections -Wall -fstack-usage -MMD -MP -MF"Drivers/STM32F1xx_HAL_Driver/Src/stm32f1xx_hal_rcc_ex.d" -MT"Drivers/STM32F1xx_HAL_Driver/Src/stm32f1xx_hal_rcc_ex.o" --specs=nano.specs -mfloat-abi=soft -mthumb -o "Drivers/STM32F1xx_HAL_Driver/Src/stm32f1xx_hal_rcc_ex.o"
arm-none-eabi-gcc "../Drivers/STM32F1xx_HAL_Driver/Src/stm32f1xx_hal_tim.c" -mcpu=cortex-m3 -std=gnu11 -g3 -DDEBUG -DUSE_HAL_DRIVER -DSTM32F103x6 -c -I../Core/Inc -I../Drivers/STM32F1xx_HAL_Driver/Inc -I../Drivers/STM32F1xx_HAL_Driver/Inc/Legacy -I../Drivers/CMSIS/Device/ST/STM32F1xx/Include -I../Drivers/CMSIS/Include -O0 -ffunction-sections -fdata-sections -Wall -fstack-usage -MMD -MP -MF"Drivers/STM32F1xx_HAL_Driver/Src/stm32f1xx_hal_tim.d" -MT"Drivers/STM32F1xx_HAL_Driver/Src/stm32f1xx_hal_tim.o" --specs=nano.specs -mfloat-abi=soft -mthumb -o "Drivers/STM32F1xx_HAL_Driver/Src/stm32f1xx_hal_tim.o"
arm-none-eabi-gcc "../Drivers/STM32F1xx_HAL_Driver/Src/stm32f1xx_hal_tim_ex.c" -mcpu=cortex-m3 -std=gnu11 -g3 -DDEBUG -DUSE_HAL_DRIVER -DSTM32F103x6 -c -I../Core/Inc -I../Drivers/STM32F1xx_HAL_Driver/Inc -I../Drivers/STM32F1xx_HAL_Driver/Inc/Legacy -I../Drivers/CMSIS/Device/ST/STM32F1xx/Include -I../Drivers/CMSIS/Include -O0 -ffunction-sections -fdata-sections -Wall -fstack-usage -MMD -MP -MF"Drivers/STM32F1xx_HAL_Driver/Src/stm32f1xx_hal_tim_ex.d" -MT"Drivers/STM32F1xx_HAL_Driver/Src/stm32f1xx_hal_tim_ex.o" --specs=nano.specs -mfloat-abi=soft -mthumb -o "Drivers/STM32F1xx_HAL_Driver/Src/stm32f1xx_hal_tim_ex.o"
arm-none-eabi-gcc -mcpu=cortex-m3 -g3 -DDEBUG -c -x assembler-with-cpp -MMD -MP -MF"Core/Startup/startup_stm32f103c6ux.d" -MT"Core/Startup/startup_stm32f103c6ux.o" --specs=nano.specs -mfloat-abi=soft -mthumb -o "Core/Startup/startup_stm32f103c6ux.o" "../Core/Startup/startup_stm32f103c6ux.s"
arm-none-eabi-gcc "../Core/Src/main.c" -mcpu=cortex-m3 -std=gnu11 -g3 -DDEBUG -DUSE_HAL_DRIVER -DSTM32F103x6 -c -I../Core/Inc -I../Drivers/STM32F1xx_HAL_Driver/Inc -I../Drivers/STM32F1xx_HAL_Driver/Inc/Legacy -I../Drivers/CMSIS/Device/ST/STM32F1xx/Include -I../Drivers/CMSIS/Include -O0 -ffunction-sections -fdata-sections -Wall -fstack-usage -MMD -MP -MF"Core/Src/main.d" -MT"Core/Src/main.o" --specs=nano.specs -mfloat-abi=soft -mthumb -o "Core/Src/main.o"
arm-none-eabi-gcc "../Core/Src/stm32f1xx_hal_msp.c" -mcpu=cortex-m3 -std=gnu11 -g3 -DDEBUG -DUSE_HAL_DRIVER -DSTM32F103x6 -c -I../Core/Inc -I../Drivers/STM32F1xx_HAL_Driver/Inc -I../Drivers/STM32F1xx_HAL_Driver/Inc/Legacy -I../Drivers/CMSIS/Device/ST/STM32F1xx/Include -I../Drivers/CMSIS/Include -O0 -ffunction-sections -fdata-sections -Wall -fstack-usage -MMD -MP -MF"Core/Src/stm32f1xx_hal_msp.d" -MT"Core/Src/stm32f1xx_hal_msp.o" --specs=nano.specs -mfloat-abi=soft -mthumb -o "Core/Src/stm32f1xx_hal_msp.o"
arm-none-eabi-gcc "../Core/Src/stm32f1xx_it.c" -mcpu=cortex-m3 -std=gnu11 -g3 -DDEBUG -DUSE_HAL_DRIVER -DSTM32F103x6 -c -I../Core/Inc -I../Drivers/STM32F1xx_HAL_Driver/Inc -I../Drivers/STM32F1xx_HAL_Driver/Inc/Legacy -I../Drivers/CMSIS/Device/ST/STM32F1xx/Include -I../Drivers/CMSIS/Include -O0 -ffunction-sections -fdata-sections -Wall -fstack-usage -MMD -MP -MF"Core/Src/stm32f1xx_it.d" -MT"Core/Src/stm32f1xx_it.o" --specs=nano.specs -mfloat-abi=soft -mthumb -o "Core/Src/stm32f1xx_it.o"
arm-none-eabi-gcc "../Core/Src/syscalls.c" -mcpu=cortex-m3 -std=gnu11 -g3 -DDEBUG -DUSE_HAL_DRIVER -DSTM32F103x6 -c -I../Core/Inc -I../Drivers/STM32F1xx_HAL_Driver/Inc -I../Drivers/STM32F1xx_HAL_Driver/Inc/Legacy -I../Drivers/CMSIS/Device/ST/STM32F1xx/Include -I../Drivers/CMSIS/Include -O0 -ffunction-sections -fdata-sections -Wall -fstack-usage -MMD -MP -MF"Core/Src/syscalls.d" -MT"Core/Src/syscalls.o" --specs=nano.specs -mfloat-abi=soft -mthumb -o "Core/Src/syscalls.o"
arm-none-eabi-gcc "../Core/Src/sysmem.c" -mcpu=cortex-m3 -std=gnu11 -g3 -DDEBUG -DUSE_HAL_DRIVER -DSTM32F103x6 -c -I../Core/Inc -I../Drivers/STM32F1xx_HAL_Driver/Inc -I../Drivers/STM32F1xx_HAL_Driver/Inc/Legacy -I../Drivers/CMSIS/Device/ST/STM32F1xx/Include -I../Drivers/CMSIS/Include -O0 -ffunction-sections -fdata-sections -Wall -fstack-usage -MMD -MP -MF"Core/Src/sysmem.d" -MT"Core/Src/sysmem.o" --specs=nano.specs -mfloat-abi=soft -mthumb -o "Core/Src/sysmem.o"
arm-none-eabi-gcc "../Core/Src/system_stm32f1xx.c" -mcpu=cortex-m3 -std=gnu11 -g3 -DDEBUG -DUSE_HAL_DRIVER -DSTM32F103x6 -c -I../Core/Inc -I../Drivers/STM32F1xx_HAL_Driver/Inc -I../Drivers/STM32F1xx_HAL_Driver/Inc/Legacy -I../Drivers/CMSIS/Device/ST/STM32F1xx/Include -I../Drivers/CMSIS/Include -O0 -ffunction-sections -fdata-sections -Wall -fstack-usage -MMD -MP -MF"Core/Src/system_stm32f1xx.d" -MT"Core/Src/system_stm32f1xx.o" --specs=nano.specs -mfloat-abi=soft -mthumb -o "Core/Src/system_stm32f1xx.o"
arm-none-eabi-gcc -o "Exercise_3.elf" @"objects.list"   -mcpu=cortex-m3 -T"C:\Users\DELL\Microprocessors-Microcontrollers-Lab\Lab_1\Lab_1_STM32\Exercise_3\STM32F103C6UX_FLASH.ld" --specs=nosys.specs -Wl,-Map="Exercise_3.map" -Wl,--gc-sections -static --specs=nano.specs -mfloat-abi=soft -mthumb -Wl,--start-group -lc -lm -Wl,--end-group
Finished building target: Exercise_3.elf
 
arm-none-eabi-size   Exercise_3.elf 
arm-none-eabi-objdump -h -S  Exercise_3.elf  > "Exercise_3.list"
arm-none-eabi-objcopy  -O ihex  Exercise_3.elf  "Exercise_3.hex"
   text	   data	    bss	    dec	    hex	filename
   4756	     20	   1572	   6348	   18cc	Exercise_3.elf
arm-none-eabi-objcopy  -O binary  Exercise_3.elf  "Exercise_3.bin"
Finished building: default.size.stdout
 
Finished building: Exercise_3.hex
Finished building: Exercise_3.bin
Finished building: Exercise_3.list
 
 
 
14:01:13 **** Incremental Build of configuration Debug for project Exercise_3 ****
make -j12 all 
arm-none-eabi-size   Exercise_3.elf 
   text	   data	    bss	    dec	    hex	filename
   4756	     20	   1572	   6348	   18cc	Exercise_3.elf
Finished building: default.size.stdout
 
14:13:15 **** Build of configuration Debug for project Exercise_4 ****
make -j12 all 
arm-none-eabi-gcc "../Drivers/STM32F1xx_HAL_Driver/Src/stm32f1xx_hal.c" -mcpu=cortex-m3 -std=gnu11 -g3 -DDEBUG -DUSE_HAL_DRIVER -DSTM32F103x6 -c -I../Core/Inc -I../Drivers/STM32F1xx_HAL_Driver/Inc -I../Drivers/STM32F1xx_HAL_Driver/Inc/Legacy -I../Drivers/CMSIS/Device/ST/STM32F1xx/Include -I../Drivers/CMSIS/Include -O0 -ffunction-sections -fdata-sections -Wall -fstack-usage -MMD -MP -MF"Drivers/STM32F1xx_HAL_Driver/Src/stm32f1xx_hal.d" -MT"Drivers/STM32F1xx_HAL_Driver/Src/stm32f1xx_hal.o" --specs=nano.specs -mfloat-abi=soft -mthumb -o "Drivers/STM32F1xx_HAL_Driver/Src/stm32f1xx_hal.o"
arm-none-eabi-gcc "../Drivers/STM32F1xx_HAL_Driver/Src/stm32f1xx_hal_cortex.c" -mcpu=cortex-m3 -std=gnu11 -g3 -DDEBUG -DUSE_HAL_DRIVER -DSTM32F103x6 -c -I../Core/Inc -I../Drivers/STM32F1xx_HAL_Driver/Inc -I../Drivers/STM32F1xx_HAL_Driver/Inc/Legacy -I../Drivers/CMSIS/Device/ST/STM32F1xx/Include -I../Drivers/CMSIS/Include -O0 -ffunction-sections -fdata-sections -Wall -fstack-usage -MMD -MP -MF"Drivers/STM32F1xx_HAL_Driver/Src/stm32f1xx_hal_cortex.d" -MT"Drivers/STM32F1xx_HAL_Driver/Src/stm32f1xx_hal_cortex.o" --specs=nano.specs -mfloat-abi=soft -mthumb -o "Drivers/STM32F1xx_HAL_Driver/Src/stm32f1xx_hal_cortex.o"
arm-none-eabi-gcc "../Drivers/STM32F1xx_HAL_Driver/Src/stm32f1xx_hal_dma.c" -mcpu=cortex-m3 -std=gnu11 -g3 -DDEBUG -DUSE_HAL_DRIVER -DSTM32F103x6 -c -I../Core/Inc -I../Drivers/STM32F1xx_HAL_Driver/Inc -I../Drivers/STM32F1xx_HAL_Driver/Inc/Legacy -I../Drivers/CMSIS/Device/ST/STM32F1xx/Include -I../Drivers/CMSIS/Include -O0 -ffunction-sections -fdata-sections -Wall -fstack-usage -MMD -MP -MF"Drivers/STM32F1xx_HAL_Driver/Src/stm32f1xx_hal_dma.d" -MT"Drivers/STM32F1xx_HAL_Driver/Src/stm32f1xx_hal_dma.o" --specs=nano.specs -mfloat-abi=soft -mthumb -o "Drivers/STM32F1xx_HAL_Driver/Src/stm32f1xx_hal_dma.o"
arm-none-eabi-gcc "../Drivers/STM32F1xx_HAL_Driver/Src/stm32f1xx_hal_exti.c" -mcpu=cortex-m3 -std=gnu11 -g3 -DDEBUG -DUSE_HAL_DRIVER -DSTM32F103x6 -c -I../Core/Inc -I../Drivers/STM32F1xx_HAL_Driver/Inc -I../Drivers/STM32F1xx_HAL_Driver/Inc/Legacy -I../Drivers/CMSIS/Device/ST/STM32F1xx/Include -I../Drivers/CMSIS/Include -O0 -ffunction-sections -fdata-sections -Wall -fstack-usage -MMD -MP -MF"Drivers/STM32F1xx_HAL_Driver/Src/stm32f1xx_hal_exti.d" -MT"Drivers/STM32F1xx_HAL_Driver/Src/stm32f1xx_hal_exti.o" --specs=nano.specs -mfloat-abi=soft -mthumb -o "Drivers/STM32F1xx_HAL_Driver/Src/stm32f1xx_hal_exti.o"
arm-none-eabi-gcc "../Drivers/STM32F1xx_HAL_Driver/Src/stm32f1xx_hal_flash.c" -mcpu=cortex-m3 -std=gnu11 -g3 -DDEBUG -DUSE_HAL_DRIVER -DSTM32F103x6 -c -I../Core/Inc -I../Drivers/STM32F1xx_HAL_Driver/Inc -I../Drivers/STM32F1xx_HAL_Driver/Inc/Legacy -I../Drivers/CMSIS/Device/ST/STM32F1xx/Include -I../Drivers/CMSIS/Include -O0 -ffunction-sections -fdata-sections -Wall -fstack-usage -MMD -MP -MF"Drivers/STM32F1xx_HAL_Driver/Src/stm32f1xx_hal_flash.d" -MT"Drivers/STM32F1xx_HAL_Driver/Src/stm32f1xx_hal_flash.o" --specs=nano.specs -mfloat-abi=soft -mthumb -o "Drivers/STM32F1xx_HAL_Driver/Src/stm32f1xx_hal_flash.o"
arm-none-eabi-gcc "../Drivers/STM32F1xx_HAL_Driver/Src/stm32f1xx_hal_flash_ex.c" -mcpu=cortex-m3 -std=gnu11 -g3 -DDEBUG -DUSE_HAL_DRIVER -DSTM32F103x6 -c -I../Core/Inc -I../Drivers/STM32F1xx_HAL_Driver/Inc -I../Drivers/STM32F1xx_HAL_Driver/Inc/Legacy -I../Drivers/CMSIS/Device/ST/STM32F1xx/Include -I../Drivers/CMSIS/Include -O0 -ffunction-sections -fdata-sections -Wall -fstack-usage -MMD -MP -MF"Drivers/STM32F1xx_HAL_Driver/Src/stm32f1xx_hal_flash_ex.d" -MT"Drivers/STM32F1xx_HAL_Driver/Src/stm32f1xx_hal_flash_ex.o" --specs=nano.specs -mfloat-abi=soft -mthumb -o "Drivers/STM32F1xx_HAL_Driver/Src/stm32f1xx_hal_flash_ex.o"
arm-none-eabi-gcc "../Drivers/STM32F1xx_HAL_Driver/Src/stm32f1xx_hal_gpio.c" -mcpu=cortex-m3 -std=gnu11 -g3 -DDEBUG -DUSE_HAL_DRIVER -DSTM32F103x6 -c -I../Core/Inc -I../Drivers/STM32F1xx_HAL_Driver/Inc -I../Drivers/STM32F1xx_HAL_Driver/Inc/Legacy -I../Drivers/CMSIS/Device/ST/STM32F1xx/Include -I../Drivers/CMSIS/Include -O0 -ffunction-sections -fdata-sections -Wall -fstack-usage -MMD -MP -MF"Drivers/STM32F1xx_HAL_Driver/Src/stm32f1xx_hal_gpio.d" -MT"Drivers/STM32F1xx_HAL_Driver/Src/stm32f1xx_hal_gpio.o" --specs=nano.specs -mfloat-abi=soft -mthumb -o "Drivers/STM32F1xx_HAL_Driver/Src/stm32f1xx_hal_gpio.o"
arm-none-eabi-gcc "../Drivers/STM32F1xx_HAL_Driver/Src/stm32f1xx_hal_gpio_ex.c" -mcpu=cortex-m3 -std=gnu11 -g3 -DDEBUG -DUSE_HAL_DRIVER -DSTM32F103x6 -c -I../Core/Inc -I../Drivers/STM32F1xx_HAL_Driver/Inc -I../Drivers/STM32F1xx_HAL_Driver/Inc/Legacy -I../Drivers/CMSIS/Device/ST/STM32F1xx/Include -I../Drivers/CMSIS/Include -O0 -ffunction-sections -fdata-sections -Wall -fstack-usage -MMD -MP -MF"Drivers/STM32F1xx_HAL_Driver/Src/stm32f1xx_hal_gpio_ex.d" -MT"Drivers/STM32F1xx_HAL_Driver/Src/stm32f1xx_hal_gpio_ex.o" --specs=nano.specs -mfloat-abi=soft -mthumb -o "Drivers/STM32F1xx_HAL_Driver/Src/stm32f1xx_hal_gpio_ex.o"
arm-none-eabi-gcc "../Drivers/STM32F1xx_HAL_Driver/Src/stm32f1xx_hal_pwr.c" -mcpu=cortex-m3 -std=gnu11 -g3 -DDEBUG -DUSE_HAL_DRIVER -DSTM32F103x6 -c -I../Core/Inc -I../Drivers/STM32F1xx_HAL_Driver/Inc -I../Drivers/STM32F1xx_HAL_Driver/Inc/Legacy -I../Drivers/CMSIS/Device/ST/STM32F1xx/Include -I../Drivers/CMSIS/Include -O0 -ffunction-sections -fdata-sections -Wall -fstack-usage -MMD -MP -MF"Drivers/STM32F1xx_HAL_Driver/Src/stm32f1xx_hal_pwr.d" -MT"Drivers/STM32F1xx_HAL_Driver/Src/stm32f1xx_hal_pwr.o" --specs=nano.specs -mfloat-abi=soft -mthumb -o "Drivers/STM32F1xx_HAL_Driver/Src/stm32f1xx_hal_pwr.o"
arm-none-eabi-gcc "../Drivers/STM32F1xx_HAL_Driver/Src/stm32f1xx_hal_rcc.c" -mcpu=cortex-m3 -std=gnu11 -g3 -DDEBUG -DUSE_HAL_DRIVER -DSTM32F103x6 -c -I../Core/Inc -I../Drivers/STM32F1xx_HAL_Driver/Inc -I../Drivers/STM32F1xx_HAL_Driver/Inc/Legacy -I../Drivers/CMSIS/Device/ST/STM32F1xx/Include -I../Drivers/CMSIS/Include -O0 -ffunction-sections -fdata-sections -Wall -fstack-usage -MMD -MP -MF"Drivers/STM32F1xx_HAL_Driver/Src/stm32f1xx_hal_rcc.d" -MT"Drivers/STM32F1xx_HAL_Driver/Src/stm32f1xx_hal_rcc.o" --specs=nano.specs -mfloat-abi=soft -mthumb -o "Drivers/STM32F1xx_HAL_Driver/Src/stm32f1xx_hal_rcc.o"
arm-none-eabi-gcc "../Drivers/STM32F1xx_HAL_Driver/Src/stm32f1xx_hal_rcc_ex.c" -mcpu=cortex-m3 -std=gnu11 -g3 -DDEBUG -DUSE_HAL_DRIVER -DSTM32F103x6 -c -I../Core/Inc -I../Drivers/STM32F1xx_HAL_Driver/Inc -I../Drivers/STM32F1xx_HAL_Driver/Inc/Legacy -I../Drivers/CMSIS/Device/ST/STM32F1xx/Include -I../Drivers/CMSIS/Include -O0 -ffunction-sections -fdata-sections -Wall -fstack-usage -MMD -MP -MF"Drivers/STM32F1xx_HAL_Driver/Src/stm32f1xx_hal_rcc_ex.d" -MT"Drivers/STM32F1xx_HAL_Driver/Src/stm32f1xx_hal_rcc_ex.o" --specs=nano.specs -mfloat-abi=soft -mthumb -o "Drivers/STM32F1xx_HAL_Driver/Src/stm32f1xx_hal_rcc_ex.o"
arm-none-eabi-gcc "../Drivers/STM32F1xx_HAL_Driver/Src/stm32f1xx_hal_tim.c" -mcpu=cortex-m3 -std=gnu11 -g3 -DDEBUG -DUSE_HAL_DRIVER -DSTM32F103x6 -c -I../Core/Inc -I../Drivers/STM32F1xx_HAL_Driver/Inc -I../Drivers/STM32F1xx_HAL_Driver/Inc/Legacy -I../Drivers/CMSIS/Device/ST/STM32F1xx/Include -I../Drivers/CMSIS/Include -O0 -ffunction-sections -fdata-sections -Wall -fstack-usage -MMD -MP -MF"Drivers/STM32F1xx_HAL_Driver/Src/stm32f1xx_hal_tim.d" -MT"Drivers/STM32F1xx_HAL_Driver/Src/stm32f1xx_hal_tim.o" --specs=nano.specs -mfloat-abi=soft -mthumb -o "Drivers/STM32F1xx_HAL_Driver/Src/stm32f1xx_hal_tim.o"
arm-none-eabi-gcc "../Drivers/STM32F1xx_HAL_Driver/Src/stm32f1xx_hal_tim_ex.c" -mcpu=cortex-m3 -std=gnu11 -g3 -DDEBUG -DUSE_HAL_DRIVER -DSTM32F103x6 -c -I../Core/Inc -I../Drivers/STM32F1xx_HAL_Driver/Inc -I../Drivers/STM32F1xx_HAL_Driver/Inc/Legacy -I../Drivers/CMSIS/Device/ST/STM32F1xx/Include -I../Drivers/CMSIS/Include -O0 -ffunction-sections -fdata-sections -Wall -fstack-usage -MMD -MP -MF"Drivers/STM32F1xx_HAL_Driver/Src/stm32f1xx_hal_tim_ex.d" -MT"Drivers/STM32F1xx_HAL_Driver/Src/stm32f1xx_hal_tim_ex.o" --specs=nano.specs -mfloat-abi=soft -mthumb -o "Drivers/STM32F1xx_HAL_Driver/Src/stm32f1xx_hal_tim_ex.o"
arm-none-eabi-gcc -mcpu=cortex-m3 -g3 -DDEBUG -c -x assembler-with-cpp -MMD -MP -MF"Core/Startup/startup_stm32f103c6ux.d" -MT"Core/Startup/startup_stm32f103c6ux.o" --specs=nano.specs -mfloat-abi=soft -mthumb -o "Core/Startup/startup_stm32f103c6ux.o" "../Core/Startup/startup_stm32f103c6ux.s"
arm-none-eabi-gcc "../Core/Src/main.c" -mcpu=cortex-m3 -std=gnu11 -g3 -DDEBUG -DUSE_HAL_DRIVER -DSTM32F103x6 -c -I../Core/Inc -I../Drivers/STM32F1xx_HAL_Driver/Inc -I../Drivers/STM32F1xx_HAL_Driver/Inc/Legacy -I../Drivers/CMSIS/Device/ST/STM32F1xx/Include -I../Drivers/CMSIS/Include -O0 -ffunction-sections -fdata-sections -Wall -fstack-usage -MMD -MP -MF"Core/Src/main.d" -MT"Core/Src/main.o" --specs=nano.specs -mfloat-abi=soft -mthumb -o "Core/Src/main.o"
arm-none-eabi-gcc "../Core/Src/stm32f1xx_hal_msp.c" -mcpu=cortex-m3 -std=gnu11 -g3 -DDEBUG -DUSE_HAL_DRIVER -DSTM32F103x6 -c -I../Core/Inc -I../Drivers/STM32F1xx_HAL_Driver/Inc -I../Drivers/STM32F1xx_HAL_Driver/Inc/Legacy -I../Drivers/CMSIS/Device/ST/STM32F1xx/Include -I../Drivers/CMSIS/Include -O0 -ffunction-sections -fdata-sections -Wall -fstack-usage -MMD -MP -MF"Core/Src/stm32f1xx_hal_msp.d" -MT"Core/Src/stm32f1xx_hal_msp.o" --specs=nano.specs -mfloat-abi=soft -mthumb -o "Core/Src/stm32f1xx_hal_msp.o"
arm-none-eabi-gcc "../Core/Src/stm32f1xx_it.c" -mcpu=cortex-m3 -std=gnu11 -g3 -DDEBUG -DUSE_HAL_DRIVER -DSTM32F103x6 -c -I../Core/Inc -I../Drivers/STM32F1xx_HAL_Driver/Inc -I../Drivers/STM32F1xx_HAL_Driver/Inc/Legacy -I../Drivers/CMSIS/Device/ST/STM32F1xx/Include -I../Drivers/CMSIS/Include -O0 -ffunction-sections -fdata-sections -Wall -fstack-usage -MMD -MP -MF"Core/Src/stm32f1xx_it.d" -MT"Core/Src/stm32f1xx_it.o" --specs=nano.specs -mfloat-abi=soft -mthumb -o "Core/Src/stm32f1xx_it.o"
arm-none-eabi-gcc "../Core/Src/syscalls.c" -mcpu=cortex-m3 -std=gnu11 -g3 -DDEBUG -DUSE_HAL_DRIVER -DSTM32F103x6 -c -I../Core/Inc -I../Drivers/STM32F1xx_HAL_Driver/Inc -I../Drivers/STM32F1xx_HAL_Driver/Inc/Legacy -I../Drivers/CMSIS/Device/ST/STM32F1xx/Include -I../Drivers/CMSIS/Include -O0 -ffunction-sections -fdata-sections -Wall -fstack-usage -MMD -MP -MF"Core/Src/syscalls.d" -MT"Core/Src/syscalls.o" --specs=nano.specs -mfloat-abi=soft -mthumb -o "Core/Src/syscalls.o"
arm-none-eabi-gcc "../Core/Src/sysmem.c" -mcpu=cortex-m3 -std=gnu11 -g3 -DDEBUG -DUSE_HAL_DRIVER -DSTM32F103x6 -c -I../Core/Inc -I../Drivers/STM32F1xx_HAL_Driver/Inc -I../Drivers/STM32F1xx_HAL_Driver/Inc/Legacy -I../Drivers/CMSIS/Device/ST/STM32F1xx/Include -I../Drivers/CMSIS/Include -O0 -ffunction-sections -fdata-sections -Wall -fstack-usage -MMD -MP -MF"Core/Src/sysmem.d" -MT"Core/Src/sysmem.o" --specs=nano.specs -mfloat-abi=soft -mthumb -o "Core/Src/sysmem.o"
arm-none-eabi-gcc "../Core/Src/system_stm32f1xx.c" -mcpu=cortex-m3 -std=gnu11 -g3 -DDEBUG -DUSE_HAL_DRIVER -DSTM32F103x6 -c -I../Core/Inc -I../Drivers/STM32F1xx_HAL_Driver/Inc -I../Drivers/STM32F1xx_HAL_Driver/Inc/Legacy -I../Drivers/CMSIS/Device/ST/STM32F1xx/Include -I../Drivers/CMSIS/Include -O0 -ffunction-sections -fdata-sections -Wall -fstack-usage -MMD -MP -MF"Core/Src/system_stm32f1xx.d" -MT"Core/Src/system_stm32f1xx.o" --specs=nano.specs -mfloat-abi=soft -mthumb -o "Core/Src/system_stm32f1xx.o"
../Core/Src/main.c: In function 'display7SEG':
../Core/Src/main.c:184:23: error: 'SEG_A_GPIO_Port' undeclared (first use in this function); did you mean 'd_GPIO_Port'?
  184 |     HAL_GPIO_WritePin(SEG_A_GPIO_Port,SEG_A_Pin,seg[num][0]);
      |                       ^~~~~~~~~~~~~~~
      |                       d_GPIO_Port
../Core/Src/main.c:184:23: note: each undeclared identifier is reported only once for each function it appears in
../Core/Src/main.c:184:39: error: 'SEG_A_Pin' undeclared (first use in this function)
  184 |     HAL_GPIO_WritePin(SEG_A_GPIO_Port,SEG_A_Pin,seg[num][0]);
      |                                       ^~~~~~~~~
../Core/Src/main.c:185:23: error: 'SEG_B_GPIO_Port' undeclared (first use in this function); did you mean 'd_GPIO_Port'?
  185 |     HAL_GPIO_WritePin(SEG_B_GPIO_Port,SEG_B_Pin,seg[num][1]);
      |                       ^~~~~~~~~~~~~~~
      |                       d_GPIO_Port
../Core/Src/main.c:185:39: error: 'SEG_B_Pin' undeclared (first use in this function)
  185 |     HAL_GPIO_WritePin(SEG_B_GPIO_Port,SEG_B_Pin,seg[num][1]);
      |                                       ^~~~~~~~~
../Core/Src/main.c:186:23: error: 'SEG_C_GPIO_Port' undeclared (first use in this function); did you mean 'd_GPIO_Port'?
  186 |     HAL_GPIO_WritePin(SEG_C_GPIO_Port,SEG_C_Pin,seg[num][2]);
      |                       ^~~~~~~~~~~~~~~
      |                       d_GPIO_Port
../Core/Src/main.c:186:39: error: 'SEG_C_Pin' undeclared (first use in this function)
  186 |     HAL_GPIO_WritePin(SEG_C_GPIO_Port,SEG_C_Pin,seg[num][2]);
      |                                       ^~~~~~~~~
../Core/Src/main.c:187:23: error: 'SEG_D_GPIO_Port' undeclared (first use in this function); did you mean 'd_GPIO_Port'?
  187 |     HAL_GPIO_WritePin(SEG_D_GPIO_Port,SEG_D_Pin,seg[num][3]);
      |                       ^~~~~~~~~~~~~~~
      |                       d_GPIO_Port
../Core/Src/main.c:187:39: error: 'SEG_D_Pin' undeclared (first use in this function)
  187 |     HAL_GPIO_WritePin(SEG_D_GPIO_Port,SEG_D_Pin,seg[num][3]);
      |                                       ^~~~~~~~~
../Core/Src/main.c:188:23: error: 'SEG_E_GPIO_Port' undeclared (first use in this function); did you mean 'd_GPIO_Port'?
  188 |     HAL_GPIO_WritePin(SEG_E_GPIO_Port,SEG_E_Pin,seg[num][4]);
      |                       ^~~~~~~~~~~~~~~
      |                       d_GPIO_Port
../Core/Src/main.c:188:39: error: 'SEG_E_Pin' undeclared (first use in this function)
  188 |     HAL_GPIO_WritePin(SEG_E_GPIO_Port,SEG_E_Pin,seg[num][4]);
      |                                       ^~~~~~~~~
../Core/Src/main.c:189:23: error: 'SEG_F_GPIO_Port' undeclared (first use in this function); did you mean 'd_GPIO_Port'?
  189 |     HAL_GPIO_WritePin(SEG_F_GPIO_Port,SEG_F_Pin,seg[num][5]);
      |                       ^~~~~~~~~~~~~~~
      |                       d_GPIO_Port
../Core/Src/main.c:189:39: error: 'SEG_F_Pin' undeclared (first use in this function)
  189 |     HAL_GPIO_WritePin(SEG_F_GPIO_Port,SEG_F_Pin,seg[num][5]);
      |                                       ^~~~~~~~~
../Core/Src/main.c:190:23: error: 'SEG_G_GPIO_Port' undeclared (first use in this function); did you mean 'd_GPIO_Port'?
  190 |     HAL_GPIO_WritePin(SEG_G_GPIO_Port,SEG_G_Pin,seg[num][6]);
      |                       ^~~~~~~~~~~~~~~
      |                       d_GPIO_Port
../Core/Src/main.c:190:39: error: 'SEG_G_Pin' undeclared (first use in this function)
  190 |     HAL_GPIO_WritePin(SEG_G_GPIO_Port,SEG_G_Pin,seg[num][6]);
      |                                       ^~~~~~~~~
make: *** [Core/Src/subdir.mk:34: Core/Src/main.o] Error 1
make: *** Waiting for unfinished jobs....
"make -j12 all" terminated with exit code 2. Build might be incomplete.
14:14:19 **** Incremental Build of configuration Debug for project Exercise_4 ****
make -j12 all 
arm-none-eabi-gcc "../Core/Src/main.c" -mcpu=cortex-m3 -std=gnu11 -g3 -DDEBUG -DUSE_HAL_DRIVER -DSTM32F103x6 -c -I../Core/Inc -I../Drivers/STM32F1xx_HAL_Driver/Inc -I../Drivers/STM32F1xx_HAL_Driver/Inc/Legacy -I../Drivers/CMSIS/Device/ST/STM32F1xx/Include -I../Drivers/CMSIS/Include -O0 -ffunction-sections -fdata-sections -Wall -fstack-usage -MMD -MP -MF"Core/Src/main.d" -MT"Core/Src/main.o" --specs=nano.specs -mfloat-abi=soft -mthumb -o "Core/Src/main.o"
../Core/Src/main.c: In function 'display7SEG':
../Core/Src/main.c:190:23: error: 'g_GPIO_Port' undeclared (first use in this function); did you mean 'd_GPIO_Port'?
  190 |     HAL_GPIO_WritePin(g_GPIO_Port,g_Pin,seg[num][6]);
      |                       ^~~~~~~~~~~
      |                       d_GPIO_Port
../Core/Src/main.c:190:23: note: each undeclared identifier is reported only once for each function it appears in
../Core/Src/main.c:190:35: error: 'g_Pin' undeclared (first use in this function); did you mean 'e_Pin'?
  190 |     HAL_GPIO_WritePin(g_GPIO_Port,g_Pin,seg[num][6]);
      |                                   ^~~~~
      |                                   e_Pin
make: *** [Core/Src/subdir.mk:34: Core/Src/main.o] Error 1
"make -j12 all" terminated with exit code 2. Build might be incomplete.
14:15:09 **** Incremental Build of configuration Debug for project Exercise_4 ****
make -j12 all 
arm-none-eabi-gcc "../Drivers/STM32F1xx_HAL_Driver/Src/stm32f1xx_hal.c" -mcpu=cortex-m3 -std=gnu11 -g3 -DDEBUG -DUSE_HAL_DRIVER -DSTM32F103x6 -c -I../Core/Inc -I../Drivers/STM32F1xx_HAL_Driver/Inc -I../Drivers/STM32F1xx_HAL_Driver/Inc/Legacy -I../Drivers/CMSIS/Device/ST/STM32F1xx/Include -I../Drivers/CMSIS/Include -O0 -ffunction-sections -fdata-sections -Wall -fstack-usage -MMD -MP -MF"Drivers/STM32F1xx_HAL_Driver/Src/stm32f1xx_hal.d" -MT"Drivers/STM32F1xx_HAL_Driver/Src/stm32f1xx_hal.o" --specs=nano.specs -mfloat-abi=soft -mthumb -o "Drivers/STM32F1xx_HAL_Driver/Src/stm32f1xx_hal.o"
arm-none-eabi-gcc "../Drivers/STM32F1xx_HAL_Driver/Src/stm32f1xx_hal_cortex.c" -mcpu=cortex-m3 -std=gnu11 -g3 -DDEBUG -DUSE_HAL_DRIVER -DSTM32F103x6 -c -I../Core/Inc -I../Drivers/STM32F1xx_HAL_Driver/Inc -I../Drivers/STM32F1xx_HAL_Driver/Inc/Legacy -I../Drivers/CMSIS/Device/ST/STM32F1xx/Include -I../Drivers/CMSIS/Include -O0 -ffunction-sections -fdata-sections -Wall -fstack-usage -MMD -MP -MF"Drivers/STM32F1xx_HAL_Driver/Src/stm32f1xx_hal_cortex.d" -MT"Drivers/STM32F1xx_HAL_Driver/Src/stm32f1xx_hal_cortex.o" --specs=nano.specs -mfloat-abi=soft -mthumb -o "Drivers/STM32F1xx_HAL_Driver/Src/stm32f1xx_hal_cortex.o"
arm-none-eabi-gcc "../Drivers/STM32F1xx_HAL_Driver/Src/stm32f1xx_hal_dma.c" -mcpu=cortex-m3 -std=gnu11 -g3 -DDEBUG -DUSE_HAL_DRIVER -DSTM32F103x6 -c -I../Core/Inc -I../Drivers/STM32F1xx_HAL_Driver/Inc -I../Drivers/STM32F1xx_HAL_Driver/Inc/Legacy -I../Drivers/CMSIS/Device/ST/STM32F1xx/Include -I../Drivers/CMSIS/Include -O0 -ffunction-sections -fdata-sections -Wall -fstack-usage -MMD -MP -MF"Drivers/STM32F1xx_HAL_Driver/Src/stm32f1xx_hal_dma.d" -MT"Drivers/STM32F1xx_HAL_Driver/Src/stm32f1xx_hal_dma.o" --specs=nano.specs -mfloat-abi=soft -mthumb -o "Drivers/STM32F1xx_HAL_Driver/Src/stm32f1xx_hal_dma.o"
arm-none-eabi-gcc "../Drivers/STM32F1xx_HAL_Driver/Src/stm32f1xx_hal_exti.c" -mcpu=cortex-m3 -std=gnu11 -g3 -DDEBUG -DUSE_HAL_DRIVER -DSTM32F103x6 -c -I../Core/Inc -I../Drivers/STM32F1xx_HAL_Driver/Inc -I../Drivers/STM32F1xx_HAL_Driver/Inc/Legacy -I../Drivers/CMSIS/Device/ST/STM32F1xx/Include -I../Drivers/CMSIS/Include -O0 -ffunction-sections -fdata-sections -Wall -fstack-usage -MMD -MP -MF"Drivers/STM32F1xx_HAL_Driver/Src/stm32f1xx_hal_exti.d" -MT"Drivers/STM32F1xx_HAL_Driver/Src/stm32f1xx_hal_exti.o" --specs=nano.specs -mfloat-abi=soft -mthumb -o "Drivers/STM32F1xx_HAL_Driver/Src/stm32f1xx_hal_exti.o"
arm-none-eabi-gcc "../Drivers/STM32F1xx_HAL_Driver/Src/stm32f1xx_hal_flash.c" -mcpu=cortex-m3 -std=gnu11 -g3 -DDEBUG -DUSE_HAL_DRIVER -DSTM32F103x6 -c -I../Core/Inc -I../Drivers/STM32F1xx_HAL_Driver/Inc -I../Drivers/STM32F1xx_HAL_Driver/Inc/Legacy -I../Drivers/CMSIS/Device/ST/STM32F1xx/Include -I../Drivers/CMSIS/Include -O0 -ffunction-sections -fdata-sections -Wall -fstack-usage -MMD -MP -MF"Drivers/STM32F1xx_HAL_Driver/Src/stm32f1xx_hal_flash.d" -MT"Drivers/STM32F1xx_HAL_Driver/Src/stm32f1xx_hal_flash.o" --specs=nano.specs -mfloat-abi=soft -mthumb -o "Drivers/STM32F1xx_HAL_Driver/Src/stm32f1xx_hal_flash.o"
arm-none-eabi-gcc "../Drivers/STM32F1xx_HAL_Driver/Src/stm32f1xx_hal_flash_ex.c" -mcpu=cortex-m3 -std=gnu11 -g3 -DDEBUG -DUSE_HAL_DRIVER -DSTM32F103x6 -c -I../Core/Inc -I../Drivers/STM32F1xx_HAL_Driver/Inc -I../Drivers/STM32F1xx_HAL_Driver/Inc/Legacy -I../Drivers/CMSIS/Device/ST/STM32F1xx/Include -I../Drivers/CMSIS/Include -O0 -ffunction-sections -fdata-sections -Wall -fstack-usage -MMD -MP -MF"Drivers/STM32F1xx_HAL_Driver/Src/stm32f1xx_hal_flash_ex.d" -MT"Drivers/STM32F1xx_HAL_Driver/Src/stm32f1xx_hal_flash_ex.o" --specs=nano.specs -mfloat-abi=soft -mthumb -o "Drivers/STM32F1xx_HAL_Driver/Src/stm32f1xx_hal_flash_ex.o"
arm-none-eabi-gcc "../Drivers/STM32F1xx_HAL_Driver/Src/stm32f1xx_hal_gpio.c" -mcpu=cortex-m3 -std=gnu11 -g3 -DDEBUG -DUSE_HAL_DRIVER -DSTM32F103x6 -c -I../Core/Inc -I../Drivers/STM32F1xx_HAL_Driver/Inc -I../Drivers/STM32F1xx_HAL_Driver/Inc/Legacy -I../Drivers/CMSIS/Device/ST/STM32F1xx/Include -I../Drivers/CMSIS/Include -O0 -ffunction-sections -fdata-sections -Wall -fstack-usage -MMD -MP -MF"Drivers/STM32F1xx_HAL_Driver/Src/stm32f1xx_hal_gpio.d" -MT"Drivers/STM32F1xx_HAL_Driver/Src/stm32f1xx_hal_gpio.o" --specs=nano.specs -mfloat-abi=soft -mthumb -o "Drivers/STM32F1xx_HAL_Driver/Src/stm32f1xx_hal_gpio.o"
arm-none-eabi-gcc "../Drivers/STM32F1xx_HAL_Driver/Src/stm32f1xx_hal_gpio_ex.c" -mcpu=cortex-m3 -std=gnu11 -g3 -DDEBUG -DUSE_HAL_DRIVER -DSTM32F103x6 -c -I../Core/Inc -I../Drivers/STM32F1xx_HAL_Driver/Inc -I../Drivers/STM32F1xx_HAL_Driver/Inc/Legacy -I../Drivers/CMSIS/Device/ST/STM32F1xx/Include -I../Drivers/CMSIS/Include -O0 -ffunction-sections -fdata-sections -Wall -fstack-usage -MMD -MP -MF"Drivers/STM32F1xx_HAL_Driver/Src/stm32f1xx_hal_gpio_ex.d" -MT"Drivers/STM32F1xx_HAL_Driver/Src/stm32f1xx_hal_gpio_ex.o" --specs=nano.specs -mfloat-abi=soft -mthumb -o "Drivers/STM32F1xx_HAL_Driver/Src/stm32f1xx_hal_gpio_ex.o"
arm-none-eabi-gcc "../Drivers/STM32F1xx_HAL_Driver/Src/stm32f1xx_hal_pwr.c" -mcpu=cortex-m3 -std=gnu11 -g3 -DDEBUG -DUSE_HAL_DRIVER -DSTM32F103x6 -c -I../Core/Inc -I../Drivers/STM32F1xx_HAL_Driver/Inc -I../Drivers/STM32F1xx_HAL_Driver/Inc/Legacy -I../Drivers/CMSIS/Device/ST/STM32F1xx/Include -I../Drivers/CMSIS/Include -O0 -ffunction-sections -fdata-sections -Wall -fstack-usage -MMD -MP -MF"Drivers/STM32F1xx_HAL_Driver/Src/stm32f1xx_hal_pwr.d" -MT"Drivers/STM32F1xx_HAL_Driver/Src/stm32f1xx_hal_pwr.o" --specs=nano.specs -mfloat-abi=soft -mthumb -o "Drivers/STM32F1xx_HAL_Driver/Src/stm32f1xx_hal_pwr.o"
arm-none-eabi-gcc "../Drivers/STM32F1xx_HAL_Driver/Src/stm32f1xx_hal_rcc.c" -mcpu=cortex-m3 -std=gnu11 -g3 -DDEBUG -DUSE_HAL_DRIVER -DSTM32F103x6 -c -I../Core/Inc -I../Drivers/STM32F1xx_HAL_Driver/Inc -I../Drivers/STM32F1xx_HAL_Driver/Inc/Legacy -I../Drivers/CMSIS/Device/ST/STM32F1xx/Include -I../Drivers/CMSIS/Include -O0 -ffunction-sections -fdata-sections -Wall -fstack-usage -MMD -MP -MF"Drivers/STM32F1xx_HAL_Driver/Src/stm32f1xx_hal_rcc.d" -MT"Drivers/STM32F1xx_HAL_Driver/Src/stm32f1xx_hal_rcc.o" --specs=nano.specs -mfloat-abi=soft -mthumb -o "Drivers/STM32F1xx_HAL_Driver/Src/stm32f1xx_hal_rcc.o"
arm-none-eabi-gcc "../Drivers/STM32F1xx_HAL_Driver/Src/stm32f1xx_hal_rcc_ex.c" -mcpu=cortex-m3 -std=gnu11 -g3 -DDEBUG -DUSE_HAL_DRIVER -DSTM32F103x6 -c -I../Core/Inc -I../Drivers/STM32F1xx_HAL_Driver/Inc -I../Drivers/STM32F1xx_HAL_Driver/Inc/Legacy -I../Drivers/CMSIS/Device/ST/STM32F1xx/Include -I../Drivers/CMSIS/Include -O0 -ffunction-sections -fdata-sections -Wall -fstack-usage -MMD -MP -MF"Drivers/STM32F1xx_HAL_Driver/Src/stm32f1xx_hal_rcc_ex.d" -MT"Drivers/STM32F1xx_HAL_Driver/Src/stm32f1xx_hal_rcc_ex.o" --specs=nano.specs -mfloat-abi=soft -mthumb -o "Drivers/STM32F1xx_HAL_Driver/Src/stm32f1xx_hal_rcc_ex.o"
arm-none-eabi-gcc "../Drivers/STM32F1xx_HAL_Driver/Src/stm32f1xx_hal_tim.c" -mcpu=cortex-m3 -std=gnu11 -g3 -DDEBUG -DUSE_HAL_DRIVER -DSTM32F103x6 -c -I../Core/Inc -I../Drivers/STM32F1xx_HAL_Driver/Inc -I../Drivers/STM32F1xx_HAL_Driver/Inc/Legacy -I../Drivers/CMSIS/Device/ST/STM32F1xx/Include -I../Drivers/CMSIS/Include -O0 -ffunction-sections -fdata-sections -Wall -fstack-usage -MMD -MP -MF"Drivers/STM32F1xx_HAL_Driver/Src/stm32f1xx_hal_tim.d" -MT"Drivers/STM32F1xx_HAL_Driver/Src/stm32f1xx_hal_tim.o" --specs=nano.specs -mfloat-abi=soft -mthumb -o "Drivers/STM32F1xx_HAL_Driver/Src/stm32f1xx_hal_tim.o"
arm-none-eabi-gcc "../Drivers/STM32F1xx_HAL_Driver/Src/stm32f1xx_hal_tim_ex.c" -mcpu=cortex-m3 -std=gnu11 -g3 -DDEBUG -DUSE_HAL_DRIVER -DSTM32F103x6 -c -I../Core/Inc -I../Drivers/STM32F1xx_HAL_Driver/Inc -I../Drivers/STM32F1xx_HAL_Driver/Inc/Legacy -I../Drivers/CMSIS/Device/ST/STM32F1xx/Include -I../Drivers/CMSIS/Include -O0 -ffunction-sections -fdata-sections -Wall -fstack-usage -MMD -MP -MF"Drivers/STM32F1xx_HAL_Driver/Src/stm32f1xx_hal_tim_ex.d" -MT"Drivers/STM32F1xx_HAL_Driver/Src/stm32f1xx_hal_tim_ex.o" --specs=nano.specs -mfloat-abi=soft -mthumb -o "Drivers/STM32F1xx_HAL_Driver/Src/stm32f1xx_hal_tim_ex.o"
arm-none-eabi-gcc "../Core/Src/main.c" -mcpu=cortex-m3 -std=gnu11 -g3 -DDEBUG -DUSE_HAL_DRIVER -DSTM32F103x6 -c -I../Core/Inc -I../Drivers/STM32F1xx_HAL_Driver/Inc -I../Drivers/STM32F1xx_HAL_Driver/Inc/Legacy -I../Drivers/CMSIS/Device/ST/STM32F1xx/Include -I../Drivers/CMSIS/Include -O0 -ffunction-sections -fdata-sections -Wall -fstack-usage -MMD -MP -MF"Core/Src/main.d" -MT"Core/Src/main.o" --specs=nano.specs -mfloat-abi=soft -mthumb -o "Core/Src/main.o"
arm-none-eabi-gcc "../Core/Src/stm32f1xx_hal_msp.c" -mcpu=cortex-m3 -std=gnu11 -g3 -DDEBUG -DUSE_HAL_DRIVER -DSTM32F103x6 -c -I../Core/Inc -I../Drivers/STM32F1xx_HAL_Driver/Inc -I../Drivers/STM32F1xx_HAL_Driver/Inc/Legacy -I../Drivers/CMSIS/Device/ST/STM32F1xx/Include -I../Drivers/CMSIS/Include -O0 -ffunction-sections -fdata-sections -Wall -fstack-usage -MMD -MP -MF"Core/Src/stm32f1xx_hal_msp.d" -MT"Core/Src/stm32f1xx_hal_msp.o" --specs=nano.specs -mfloat-abi=soft -mthumb -o "Core/Src/stm32f1xx_hal_msp.o"
arm-none-eabi-gcc "../Core/Src/stm32f1xx_it.c" -mcpu=cortex-m3 -std=gnu11 -g3 -DDEBUG -DUSE_HAL_DRIVER -DSTM32F103x6 -c -I../Core/Inc -I../Drivers/STM32F1xx_HAL_Driver/Inc -I../Drivers/STM32F1xx_HAL_Driver/Inc/Legacy -I../Drivers/CMSIS/Device/ST/STM32F1xx/Include -I../Drivers/CMSIS/Include -O0 -ffunction-sections -fdata-sections -Wall -fstack-usage -MMD -MP -MF"Core/Src/stm32f1xx_it.d" -MT"Core/Src/stm32f1xx_it.o" --specs=nano.specs -mfloat-abi=soft -mthumb -o "Core/Src/stm32f1xx_it.o"
arm-none-eabi-gcc "../Core/Src/system_stm32f1xx.c" -mcpu=cortex-m3 -std=gnu11 -g3 -DDEBUG -DUSE_HAL_DRIVER -DSTM32F103x6 -c -I../Core/Inc -I../Drivers/STM32F1xx_HAL_Driver/Inc -I../Drivers/STM32F1xx_HAL_Driver/Inc/Legacy -I../Drivers/CMSIS/Device/ST/STM32F1xx/Include -I../Drivers/CMSIS/Include -O0 -ffunction-sections -fdata-sections -Wall -fstack-usage -MMD -MP -MF"Core/Src/system_stm32f1xx.d" -MT"Core/Src/system_stm32f1xx.o" --specs=nano.specs -mfloat-abi=soft -mthumb -o "Core/Src/system_stm32f1xx.o"
../Core/Src/main.c: In function 'main':
../Core/Src/main.c:89:7: warning: unused variable 'counter' [-Wunused-variable]
   89 |   int counter = 0;
      |       ^~~~~~~
arm-none-eabi-gcc -o "Exercise_4.elf" @"objects.list"   -mcpu=cortex-m3 -T"C:\Users\DELL\Microprocessors-Microcontrollers-Lab\Lab_1\Lab_1_STM32\Exercise_4\STM32F103C6UX_FLASH.ld" --specs=nosys.specs -Wl,-Map="Exercise_4.map" -Wl,--gc-sections -static --specs=nano.specs -mfloat-abi=soft -mthumb -Wl,--start-group -lc -lm -Wl,--end-group
Finished building target: Exercise_4.elf
 
arm-none-eabi-size   Exercise_4.elf 
arm-none-eabi-objdump -h -S  Exercise_4.elf  > "Exercise_4.list"
arm-none-eabi-objcopy  -O ihex  Exercise_4.elf  "Exercise_4.hex"
   text	   data	    bss	    dec	    hex	filename
   4436	     20	   1572	   6028	   178c	Exercise_4.elf
arm-none-eabi-objcopy  -O binary  Exercise_4.elf  "Exercise_4.bin"
Finished building: default.size.stdout
 
Finished building: Exercise_4.hex
Finished building: Exercise_4.bin
Finished building: Exercise_4.list
 
 
 
14:17:09 **** Incremental Build of configuration Debug for project Exercise_4 ****
make -j12 all 
arm-none-eabi-gcc "../Core/Src/main.c" -mcpu=cortex-m3 -std=gnu11 -g3 -DDEBUG -DUSE_HAL_DRIVER -DSTM32F103x6 -c -I../Core/Inc -I../Drivers/STM32F1xx_HAL_Driver/Inc -I../Drivers/STM32F1xx_HAL_Driver/Inc/Legacy -I../Drivers/CMSIS/Device/ST/STM32F1xx/Include -I../Drivers/CMSIS/Include -O0 -ffunction-sections -fdata-sections -Wall -fstack-usage -MMD -MP -MF"Core/Src/main.d" -MT"Core/Src/main.o" --specs=nano.specs -mfloat-abi=soft -mthumb -o "Core/Src/main.o"
arm-none-eabi-gcc -o "Exercise_4.elf" @"objects.list"   -mcpu=cortex-m3 -T"C:\Users\DELL\Microprocessors-Microcontrollers-Lab\Lab_1\Lab_1_STM32\Exercise_4\STM32F103C6UX_FLASH.ld" --specs=nosys.specs -Wl,-Map="Exercise_4.map" -Wl,--gc-sections -static --specs=nano.specs -mfloat-abi=soft -mthumb -Wl,--start-group -lc -lm -Wl,--end-group
Finished building target: Exercise_4.elf
 
arm-none-eabi-size   Exercise_4.elf 
arm-none-eabi-objdump -h -S  Exercise_4.elf  > "Exercise_4.list"
arm-none-eabi-objcopy  -O ihex  Exercise_4.elf  "Exercise_4.hex"
   text	   data	    bss	    dec	    hex	filename
   4880	     20	   1572	   6472	   1948	Exercise_4.elf
arm-none-eabi-objcopy  -O binary  Exercise_4.elf  "Exercise_4.bin"
Finished building: default.size.stdout
 
Finished building: Exercise_4.hex
Finished building: Exercise_4.list
Finished building: Exercise_4.bin
 
 
 
14:53:49 **** Build of configuration Debug for project Excercise_5 ****
make -j12 all 
arm-none-eabi-gcc "../Drivers/STM32F1xx_HAL_Driver/Src/stm32f1xx_hal.c" -mcpu=cortex-m3 -std=gnu11 -g3 -DDEBUG -DUSE_HAL_DRIVER -DSTM32F103x6 -c -I../Core/Inc -I../Drivers/STM32F1xx_HAL_Driver/Inc -I../Drivers/STM32F1xx_HAL_Driver/Inc/Legacy -I../Drivers/CMSIS/Device/ST/STM32F1xx/Include -I../Drivers/CMSIS/Include -O0 -ffunction-sections -fdata-sections -Wall -fstack-usage -MMD -MP -MF"Drivers/STM32F1xx_HAL_Driver/Src/stm32f1xx_hal.d" -MT"Drivers/STM32F1xx_HAL_Driver/Src/stm32f1xx_hal.o" --specs=nano.specs -mfloat-abi=soft -mthumb -o "Drivers/STM32F1xx_HAL_Driver/Src/stm32f1xx_hal.o"
arm-none-eabi-gcc "../Drivers/STM32F1xx_HAL_Driver/Src/stm32f1xx_hal_cortex.c" -mcpu=cortex-m3 -std=gnu11 -g3 -DDEBUG -DUSE_HAL_DRIVER -DSTM32F103x6 -c -I../Core/Inc -I../Drivers/STM32F1xx_HAL_Driver/Inc -I../Drivers/STM32F1xx_HAL_Driver/Inc/Legacy -I../Drivers/CMSIS/Device/ST/STM32F1xx/Include -I../Drivers/CMSIS/Include -O0 -ffunction-sections -fdata-sections -Wall -fstack-usage -MMD -MP -MF"Drivers/STM32F1xx_HAL_Driver/Src/stm32f1xx_hal_cortex.d" -MT"Drivers/STM32F1xx_HAL_Driver/Src/stm32f1xx_hal_cortex.o" --specs=nano.specs -mfloat-abi=soft -mthumb -o "Drivers/STM32F1xx_HAL_Driver/Src/stm32f1xx_hal_cortex.o"
arm-none-eabi-gcc "../Drivers/STM32F1xx_HAL_Driver/Src/stm32f1xx_hal_dma.c" -mcpu=cortex-m3 -std=gnu11 -g3 -DDEBUG -DUSE_HAL_DRIVER -DSTM32F103x6 -c -I../Core/Inc -I../Drivers/STM32F1xx_HAL_Driver/Inc -I../Drivers/STM32F1xx_HAL_Driver/Inc/Legacy -I../Drivers/CMSIS/Device/ST/STM32F1xx/Include -I../Drivers/CMSIS/Include -O0 -ffunction-sections -fdata-sections -Wall -fstack-usage -MMD -MP -MF"Drivers/STM32F1xx_HAL_Driver/Src/stm32f1xx_hal_dma.d" -MT"Drivers/STM32F1xx_HAL_Driver/Src/stm32f1xx_hal_dma.o" --specs=nano.specs -mfloat-abi=soft -mthumb -o "Drivers/STM32F1xx_HAL_Driver/Src/stm32f1xx_hal_dma.o"
arm-none-eabi-gcc "../Drivers/STM32F1xx_HAL_Driver/Src/stm32f1xx_hal_exti.c" -mcpu=cortex-m3 -std=gnu11 -g3 -DDEBUG -DUSE_HAL_DRIVER -DSTM32F103x6 -c -I../Core/Inc -I../Drivers/STM32F1xx_HAL_Driver/Inc -I../Drivers/STM32F1xx_HAL_Driver/Inc/Legacy -I../Drivers/CMSIS/Device/ST/STM32F1xx/Include -I../Drivers/CMSIS/Include -O0 -ffunction-sections -fdata-sections -Wall -fstack-usage -MMD -MP -MF"Drivers/STM32F1xx_HAL_Driver/Src/stm32f1xx_hal_exti.d" -MT"Drivers/STM32F1xx_HAL_Driver/Src/stm32f1xx_hal_exti.o" --specs=nano.specs -mfloat-abi=soft -mthumb -o "Drivers/STM32F1xx_HAL_Driver/Src/stm32f1xx_hal_exti.o"
arm-none-eabi-gcc "../Drivers/STM32F1xx_HAL_Driver/Src/stm32f1xx_hal_flash.c" -mcpu=cortex-m3 -std=gnu11 -g3 -DDEBUG -DUSE_HAL_DRIVER -DSTM32F103x6 -c -I../Core/Inc -I../Drivers/STM32F1xx_HAL_Driver/Inc -I../Drivers/STM32F1xx_HAL_Driver/Inc/Legacy -I../Drivers/CMSIS/Device/ST/STM32F1xx/Include -I../Drivers/CMSIS/Include -O0 -ffunction-sections -fdata-sections -Wall -fstack-usage -MMD -MP -MF"Drivers/STM32F1xx_HAL_Driver/Src/stm32f1xx_hal_flash.d" -MT"Drivers/STM32F1xx_HAL_Driver/Src/stm32f1xx_hal_flash.o" --specs=nano.specs -mfloat-abi=soft -mthumb -o "Drivers/STM32F1xx_HAL_Driver/Src/stm32f1xx_hal_flash.o"
arm-none-eabi-gcc "../Drivers/STM32F1xx_HAL_Driver/Src/stm32f1xx_hal_flash_ex.c" -mcpu=cortex-m3 -std=gnu11 -g3 -DDEBUG -DUSE_HAL_DRIVER -DSTM32F103x6 -c -I../Core/Inc -I../Drivers/STM32F1xx_HAL_Driver/Inc -I../Drivers/STM32F1xx_HAL_Driver/Inc/Legacy -I../Drivers/CMSIS/Device/ST/STM32F1xx/Include -I../Drivers/CMSIS/Include -O0 -ffunction-sections -fdata-sections -Wall -fstack-usage -MMD -MP -MF"Drivers/STM32F1xx_HAL_Driver/Src/stm32f1xx_hal_flash_ex.d" -MT"Drivers/STM32F1xx_HAL_Driver/Src/stm32f1xx_hal_flash_ex.o" --specs=nano.specs -mfloat-abi=soft -mthumb -o "Drivers/STM32F1xx_HAL_Driver/Src/stm32f1xx_hal_flash_ex.o"
arm-none-eabi-gcc "../Drivers/STM32F1xx_HAL_Driver/Src/stm32f1xx_hal_gpio.c" -mcpu=cortex-m3 -std=gnu11 -g3 -DDEBUG -DUSE_HAL_DRIVER -DSTM32F103x6 -c -I../Core/Inc -I../Drivers/STM32F1xx_HAL_Driver/Inc -I../Drivers/STM32F1xx_HAL_Driver/Inc/Legacy -I../Drivers/CMSIS/Device/ST/STM32F1xx/Include -I../Drivers/CMSIS/Include -O0 -ffunction-sections -fdata-sections -Wall -fstack-usage -MMD -MP -MF"Drivers/STM32F1xx_HAL_Driver/Src/stm32f1xx_hal_gpio.d" -MT"Drivers/STM32F1xx_HAL_Driver/Src/stm32f1xx_hal_gpio.o" --specs=nano.specs -mfloat-abi=soft -mthumb -o "Drivers/STM32F1xx_HAL_Driver/Src/stm32f1xx_hal_gpio.o"
arm-none-eabi-gcc "../Drivers/STM32F1xx_HAL_Driver/Src/stm32f1xx_hal_gpio_ex.c" -mcpu=cortex-m3 -std=gnu11 -g3 -DDEBUG -DUSE_HAL_DRIVER -DSTM32F103x6 -c -I../Core/Inc -I../Drivers/STM32F1xx_HAL_Driver/Inc -I../Drivers/STM32F1xx_HAL_Driver/Inc/Legacy -I../Drivers/CMSIS/Device/ST/STM32F1xx/Include -I../Drivers/CMSIS/Include -O0 -ffunction-sections -fdata-sections -Wall -fstack-usage -MMD -MP -MF"Drivers/STM32F1xx_HAL_Driver/Src/stm32f1xx_hal_gpio_ex.d" -MT"Drivers/STM32F1xx_HAL_Driver/Src/stm32f1xx_hal_gpio_ex.o" --specs=nano.specs -mfloat-abi=soft -mthumb -o "Drivers/STM32F1xx_HAL_Driver/Src/stm32f1xx_hal_gpio_ex.o"
arm-none-eabi-gcc "../Drivers/STM32F1xx_HAL_Driver/Src/stm32f1xx_hal_pwr.c" -mcpu=cortex-m3 -std=gnu11 -g3 -DDEBUG -DUSE_HAL_DRIVER -DSTM32F103x6 -c -I../Core/Inc -I../Drivers/STM32F1xx_HAL_Driver/Inc -I../Drivers/STM32F1xx_HAL_Driver/Inc/Legacy -I../Drivers/CMSIS/Device/ST/STM32F1xx/Include -I../Drivers/CMSIS/Include -O0 -ffunction-sections -fdata-sections -Wall -fstack-usage -MMD -MP -MF"Drivers/STM32F1xx_HAL_Driver/Src/stm32f1xx_hal_pwr.d" -MT"Drivers/STM32F1xx_HAL_Driver/Src/stm32f1xx_hal_pwr.o" --specs=nano.specs -mfloat-abi=soft -mthumb -o "Drivers/STM32F1xx_HAL_Driver/Src/stm32f1xx_hal_pwr.o"
arm-none-eabi-gcc "../Drivers/STM32F1xx_HAL_Driver/Src/stm32f1xx_hal_rcc.c" -mcpu=cortex-m3 -std=gnu11 -g3 -DDEBUG -DUSE_HAL_DRIVER -DSTM32F103x6 -c -I../Core/Inc -I../Drivers/STM32F1xx_HAL_Driver/Inc -I../Drivers/STM32F1xx_HAL_Driver/Inc/Legacy -I../Drivers/CMSIS/Device/ST/STM32F1xx/Include -I../Drivers/CMSIS/Include -O0 -ffunction-sections -fdata-sections -Wall -fstack-usage -MMD -MP -MF"Drivers/STM32F1xx_HAL_Driver/Src/stm32f1xx_hal_rcc.d" -MT"Drivers/STM32F1xx_HAL_Driver/Src/stm32f1xx_hal_rcc.o" --specs=nano.specs -mfloat-abi=soft -mthumb -o "Drivers/STM32F1xx_HAL_Driver/Src/stm32f1xx_hal_rcc.o"
arm-none-eabi-gcc "../Drivers/STM32F1xx_HAL_Driver/Src/stm32f1xx_hal_rcc_ex.c" -mcpu=cortex-m3 -std=gnu11 -g3 -DDEBUG -DUSE_HAL_DRIVER -DSTM32F103x6 -c -I../Core/Inc -I../Drivers/STM32F1xx_HAL_Driver/Inc -I../Drivers/STM32F1xx_HAL_Driver/Inc/Legacy -I../Drivers/CMSIS/Device/ST/STM32F1xx/Include -I../Drivers/CMSIS/Include -O0 -ffunction-sections -fdata-sections -Wall -fstack-usage -MMD -MP -MF"Drivers/STM32F1xx_HAL_Driver/Src/stm32f1xx_hal_rcc_ex.d" -MT"Drivers/STM32F1xx_HAL_Driver/Src/stm32f1xx_hal_rcc_ex.o" --specs=nano.specs -mfloat-abi=soft -mthumb -o "Drivers/STM32F1xx_HAL_Driver/Src/stm32f1xx_hal_rcc_ex.o"
arm-none-eabi-gcc "../Drivers/STM32F1xx_HAL_Driver/Src/stm32f1xx_hal_tim.c" -mcpu=cortex-m3 -std=gnu11 -g3 -DDEBUG -DUSE_HAL_DRIVER -DSTM32F103x6 -c -I../Core/Inc -I../Drivers/STM32F1xx_HAL_Driver/Inc -I../Drivers/STM32F1xx_HAL_Driver/Inc/Legacy -I../Drivers/CMSIS/Device/ST/STM32F1xx/Include -I../Drivers/CMSIS/Include -O0 -ffunction-sections -fdata-sections -Wall -fstack-usage -MMD -MP -MF"Drivers/STM32F1xx_HAL_Driver/Src/stm32f1xx_hal_tim.d" -MT"Drivers/STM32F1xx_HAL_Driver/Src/stm32f1xx_hal_tim.o" --specs=nano.specs -mfloat-abi=soft -mthumb -o "Drivers/STM32F1xx_HAL_Driver/Src/stm32f1xx_hal_tim.o"
arm-none-eabi-gcc "../Drivers/STM32F1xx_HAL_Driver/Src/stm32f1xx_hal_tim_ex.c" -mcpu=cortex-m3 -std=gnu11 -g3 -DDEBUG -DUSE_HAL_DRIVER -DSTM32F103x6 -c -I../Core/Inc -I../Drivers/STM32F1xx_HAL_Driver/Inc -I../Drivers/STM32F1xx_HAL_Driver/Inc/Legacy -I../Drivers/CMSIS/Device/ST/STM32F1xx/Include -I../Drivers/CMSIS/Include -O0 -ffunction-sections -fdata-sections -Wall -fstack-usage -MMD -MP -MF"Drivers/STM32F1xx_HAL_Driver/Src/stm32f1xx_hal_tim_ex.d" -MT"Drivers/STM32F1xx_HAL_Driver/Src/stm32f1xx_hal_tim_ex.o" --specs=nano.specs -mfloat-abi=soft -mthumb -o "Drivers/STM32F1xx_HAL_Driver/Src/stm32f1xx_hal_tim_ex.o"
arm-none-eabi-gcc -mcpu=cortex-m3 -g3 -DDEBUG -c -x assembler-with-cpp -MMD -MP -MF"Core/Startup/startup_stm32f103c6ux.d" -MT"Core/Startup/startup_stm32f103c6ux.o" --specs=nano.specs -mfloat-abi=soft -mthumb -o "Core/Startup/startup_stm32f103c6ux.o" "../Core/Startup/startup_stm32f103c6ux.s"
arm-none-eabi-gcc "../Core/Src/main.c" -mcpu=cortex-m3 -std=gnu11 -g3 -DDEBUG -DUSE_HAL_DRIVER -DSTM32F103x6 -c -I../Core/Inc -I../Drivers/STM32F1xx_HAL_Driver/Inc -I../Drivers/STM32F1xx_HAL_Driver/Inc/Legacy -I../Drivers/CMSIS/Device/ST/STM32F1xx/Include -I../Drivers/CMSIS/Include -O0 -ffunction-sections -fdata-sections -Wall -fstack-usage -MMD -MP -MF"Core/Src/main.d" -MT"Core/Src/main.o" --specs=nano.specs -mfloat-abi=soft -mthumb -o "Core/Src/main.o"
arm-none-eabi-gcc "../Core/Src/stm32f1xx_hal_msp.c" -mcpu=cortex-m3 -std=gnu11 -g3 -DDEBUG -DUSE_HAL_DRIVER -DSTM32F103x6 -c -I../Core/Inc -I../Drivers/STM32F1xx_HAL_Driver/Inc -I../Drivers/STM32F1xx_HAL_Driver/Inc/Legacy -I../Drivers/CMSIS/Device/ST/STM32F1xx/Include -I../Drivers/CMSIS/Include -O0 -ffunction-sections -fdata-sections -Wall -fstack-usage -MMD -MP -MF"Core/Src/stm32f1xx_hal_msp.d" -MT"Core/Src/stm32f1xx_hal_msp.o" --specs=nano.specs -mfloat-abi=soft -mthumb -o "Core/Src/stm32f1xx_hal_msp.o"
arm-none-eabi-gcc "../Core/Src/stm32f1xx_it.c" -mcpu=cortex-m3 -std=gnu11 -g3 -DDEBUG -DUSE_HAL_DRIVER -DSTM32F103x6 -c -I../Core/Inc -I../Drivers/STM32F1xx_HAL_Driver/Inc -I../Drivers/STM32F1xx_HAL_Driver/Inc/Legacy -I../Drivers/CMSIS/Device/ST/STM32F1xx/Include -I../Drivers/CMSIS/Include -O0 -ffunction-sections -fdata-sections -Wall -fstack-usage -MMD -MP -MF"Core/Src/stm32f1xx_it.d" -MT"Core/Src/stm32f1xx_it.o" --specs=nano.specs -mfloat-abi=soft -mthumb -o "Core/Src/stm32f1xx_it.o"
arm-none-eabi-gcc "../Core/Src/syscalls.c" -mcpu=cortex-m3 -std=gnu11 -g3 -DDEBUG -DUSE_HAL_DRIVER -DSTM32F103x6 -c -I../Core/Inc -I../Drivers/STM32F1xx_HAL_Driver/Inc -I../Drivers/STM32F1xx_HAL_Driver/Inc/Legacy -I../Drivers/CMSIS/Device/ST/STM32F1xx/Include -I../Drivers/CMSIS/Include -O0 -ffunction-sections -fdata-sections -Wall -fstack-usage -MMD -MP -MF"Core/Src/syscalls.d" -MT"Core/Src/syscalls.o" --specs=nano.specs -mfloat-abi=soft -mthumb -o "Core/Src/syscalls.o"
arm-none-eabi-gcc "../Core/Src/sysmem.c" -mcpu=cortex-m3 -std=gnu11 -g3 -DDEBUG -DUSE_HAL_DRIVER -DSTM32F103x6 -c -I../Core/Inc -I../Drivers/STM32F1xx_HAL_Driver/Inc -I../Drivers/STM32F1xx_HAL_Driver/Inc/Legacy -I../Drivers/CMSIS/Device/ST/STM32F1xx/Include -I../Drivers/CMSIS/Include -O0 -ffunction-sections -fdata-sections -Wall -fstack-usage -MMD -MP -MF"Core/Src/sysmem.d" -MT"Core/Src/sysmem.o" --specs=nano.specs -mfloat-abi=soft -mthumb -o "Core/Src/sysmem.o"
arm-none-eabi-gcc "../Core/Src/system_stm32f1xx.c" -mcpu=cortex-m3 -std=gnu11 -g3 -DDEBUG -DUSE_HAL_DRIVER -DSTM32F103x6 -c -I../Core/Inc -I../Drivers/STM32F1xx_HAL_Driver/Inc -I../Drivers/STM32F1xx_HAL_Driver/Inc/Legacy -I../Drivers/CMSIS/Device/ST/STM32F1xx/Include -I../Drivers/CMSIS/Include -O0 -ffunction-sections -fdata-sections -Wall -fstack-usage -MMD -MP -MF"Core/Src/system_stm32f1xx.d" -MT"Core/Src/system_stm32f1xx.o" --specs=nano.specs -mfloat-abi=soft -mthumb -o "Core/Src/system_stm32f1xx.o"
../Core/Src/main.c: In function 'main':
../Core/Src/main.c:98:67: error: 'LED_OFF' undeclared (first use in this function)
   98 |       HAL_GPIO_WritePin(RED_LED_V_GPIO_Port,    RED_LED_V_Pin,    LED_OFF);
      |                                                                   ^~~~~~~
../Core/Src/main.c:98:67: note: each undeclared identifier is reported only once for each function it appears in
../Core/Src/main.c:100:67: error: 'LED_ON' undeclared (first use in this function)
  100 |       HAL_GPIO_WritePin(GREEN_LEFD_V_GPIO_Port, GREEN_LEFD_V_Pin, LED_ON);
      |                                                                   ^~~~~~
make: *** [Core/Src/subdir.mk:34: Core/Src/main.o] Error 1
make: *** Waiting for unfinished jobs....
"make -j12 all" terminated with exit code 2. Build might be incomplete.
14:54:34 **** Incremental Build of configuration Debug for project Excercise_5 ****
make -j12 all 
arm-none-eabi-gcc "../Core/Src/main.c" -mcpu=cortex-m3 -std=gnu11 -g3 -DDEBUG -DUSE_HAL_DRIVER -DSTM32F103x6 -c -I../Core/Inc -I../Drivers/STM32F1xx_HAL_Driver/Inc -I../Drivers/STM32F1xx_HAL_Driver/Inc/Legacy -I../Drivers/CMSIS/Device/ST/STM32F1xx/Include -I../Drivers/CMSIS/Include -O0 -ffunction-sections -fdata-sections -Wall -fstack-usage -MMD -MP -MF"Core/Src/main.d" -MT"Core/Src/main.o" --specs=nano.specs -mfloat-abi=soft -mthumb -o "Core/Src/main.o"
arm-none-eabi-gcc -o "Excercise_5.elf" @"objects.list"   -mcpu=cortex-m3 -T"C:\Users\DELL\Microprocessors-Microcontrollers-Lab\Lab_1\Lab_1_STM32\Excercise_5\STM32F103C6UX_FLASH.ld" --specs=nosys.specs -Wl,-Map="Excercise_5.map" -Wl,--gc-sections -static --specs=nano.specs -mfloat-abi=soft -mthumb -Wl,--start-group -lc -lm -Wl,--end-group
Finished building target: Excercise_5.elf
 
arm-none-eabi-size   Excercise_5.elf 
arm-none-eabi-objdump -h -S  Excercise_5.elf  > "Excercise_5.list"
arm-none-eabi-objcopy  -O ihex  Excercise_5.elf  "Excercise_5.hex"
   text	   data	    bss	    dec	    hex	filename
   5500	     20	   1572	   7092	   1bb4	Excercise_5.elf
arm-none-eabi-objcopy  -O binary  Excercise_5.elf  "Excercise_5.bin"
Finished building: default.size.stdout
 
Finished building: Excercise_5.hex
Finished building: Excercise_5.list
Finished building: Excercise_5.bin
 
 
 
15:02:42 **** Incremental Build of configuration Debug for project Excercise_5 ****
make -j12 all 
arm-none-eabi-gcc "../Drivers/STM32F1xx_HAL_Driver/Src/stm32f1xx_hal.c" -mcpu=cortex-m3 -std=gnu11 -g3 -DDEBUG -DUSE_HAL_DRIVER -DSTM32F103x6 -c -I../Core/Inc -I../Drivers/STM32F1xx_HAL_Driver/Inc -I../Drivers/STM32F1xx_HAL_Driver/Inc/Legacy -I../Drivers/CMSIS/Device/ST/STM32F1xx/Include -I../Drivers/CMSIS/Include -O0 -ffunction-sections -fdata-sections -Wall -fstack-usage -MMD -MP -MF"Drivers/STM32F1xx_HAL_Driver/Src/stm32f1xx_hal.d" -MT"Drivers/STM32F1xx_HAL_Driver/Src/stm32f1xx_hal.o" --specs=nano.specs -mfloat-abi=soft -mthumb -o "Drivers/STM32F1xx_HAL_Driver/Src/stm32f1xx_hal.o"
arm-none-eabi-gcc "../Drivers/STM32F1xx_HAL_Driver/Src/stm32f1xx_hal_cortex.c" -mcpu=cortex-m3 -std=gnu11 -g3 -DDEBUG -DUSE_HAL_DRIVER -DSTM32F103x6 -c -I../Core/Inc -I../Drivers/STM32F1xx_HAL_Driver/Inc -I../Drivers/STM32F1xx_HAL_Driver/Inc/Legacy -I../Drivers/CMSIS/Device/ST/STM32F1xx/Include -I../Drivers/CMSIS/Include -O0 -ffunction-sections -fdata-sections -Wall -fstack-usage -MMD -MP -MF"Drivers/STM32F1xx_HAL_Driver/Src/stm32f1xx_hal_cortex.d" -MT"Drivers/STM32F1xx_HAL_Driver/Src/stm32f1xx_hal_cortex.o" --specs=nano.specs -mfloat-abi=soft -mthumb -o "Drivers/STM32F1xx_HAL_Driver/Src/stm32f1xx_hal_cortex.o"
arm-none-eabi-gcc "../Drivers/STM32F1xx_HAL_Driver/Src/stm32f1xx_hal_dma.c" -mcpu=cortex-m3 -std=gnu11 -g3 -DDEBUG -DUSE_HAL_DRIVER -DSTM32F103x6 -c -I../Core/Inc -I../Drivers/STM32F1xx_HAL_Driver/Inc -I../Drivers/STM32F1xx_HAL_Driver/Inc/Legacy -I../Drivers/CMSIS/Device/ST/STM32F1xx/Include -I../Drivers/CMSIS/Include -O0 -ffunction-sections -fdata-sections -Wall -fstack-usage -MMD -MP -MF"Drivers/STM32F1xx_HAL_Driver/Src/stm32f1xx_hal_dma.d" -MT"Drivers/STM32F1xx_HAL_Driver/Src/stm32f1xx_hal_dma.o" --specs=nano.specs -mfloat-abi=soft -mthumb -o "Drivers/STM32F1xx_HAL_Driver/Src/stm32f1xx_hal_dma.o"
arm-none-eabi-gcc "../Drivers/STM32F1xx_HAL_Driver/Src/stm32f1xx_hal_exti.c" -mcpu=cortex-m3 -std=gnu11 -g3 -DDEBUG -DUSE_HAL_DRIVER -DSTM32F103x6 -c -I../Core/Inc -I../Drivers/STM32F1xx_HAL_Driver/Inc -I../Drivers/STM32F1xx_HAL_Driver/Inc/Legacy -I../Drivers/CMSIS/Device/ST/STM32F1xx/Include -I../Drivers/CMSIS/Include -O0 -ffunction-sections -fdata-sections -Wall -fstack-usage -MMD -MP -MF"Drivers/STM32F1xx_HAL_Driver/Src/stm32f1xx_hal_exti.d" -MT"Drivers/STM32F1xx_HAL_Driver/Src/stm32f1xx_hal_exti.o" --specs=nano.specs -mfloat-abi=soft -mthumb -o "Drivers/STM32F1xx_HAL_Driver/Src/stm32f1xx_hal_exti.o"
arm-none-eabi-gcc "../Drivers/STM32F1xx_HAL_Driver/Src/stm32f1xx_hal_flash.c" -mcpu=cortex-m3 -std=gnu11 -g3 -DDEBUG -DUSE_HAL_DRIVER -DSTM32F103x6 -c -I../Core/Inc -I../Drivers/STM32F1xx_HAL_Driver/Inc -I../Drivers/STM32F1xx_HAL_Driver/Inc/Legacy -I../Drivers/CMSIS/Device/ST/STM32F1xx/Include -I../Drivers/CMSIS/Include -O0 -ffunction-sections -fdata-sections -Wall -fstack-usage -MMD -MP -MF"Drivers/STM32F1xx_HAL_Driver/Src/stm32f1xx_hal_flash.d" -MT"Drivers/STM32F1xx_HAL_Driver/Src/stm32f1xx_hal_flash.o" --specs=nano.specs -mfloat-abi=soft -mthumb -o "Drivers/STM32F1xx_HAL_Driver/Src/stm32f1xx_hal_flash.o"
arm-none-eabi-gcc "../Drivers/STM32F1xx_HAL_Driver/Src/stm32f1xx_hal_flash_ex.c" -mcpu=cortex-m3 -std=gnu11 -g3 -DDEBUG -DUSE_HAL_DRIVER -DSTM32F103x6 -c -I../Core/Inc -I../Drivers/STM32F1xx_HAL_Driver/Inc -I../Drivers/STM32F1xx_HAL_Driver/Inc/Legacy -I../Drivers/CMSIS/Device/ST/STM32F1xx/Include -I../Drivers/CMSIS/Include -O0 -ffunction-sections -fdata-sections -Wall -fstack-usage -MMD -MP -MF"Drivers/STM32F1xx_HAL_Driver/Src/stm32f1xx_hal_flash_ex.d" -MT"Drivers/STM32F1xx_HAL_Driver/Src/stm32f1xx_hal_flash_ex.o" --specs=nano.specs -mfloat-abi=soft -mthumb -o "Drivers/STM32F1xx_HAL_Driver/Src/stm32f1xx_hal_flash_ex.o"
arm-none-eabi-gcc "../Drivers/STM32F1xx_HAL_Driver/Src/stm32f1xx_hal_gpio.c" -mcpu=cortex-m3 -std=gnu11 -g3 -DDEBUG -DUSE_HAL_DRIVER -DSTM32F103x6 -c -I../Core/Inc -I../Drivers/STM32F1xx_HAL_Driver/Inc -I../Drivers/STM32F1xx_HAL_Driver/Inc/Legacy -I../Drivers/CMSIS/Device/ST/STM32F1xx/Include -I../Drivers/CMSIS/Include -O0 -ffunction-sections -fdata-sections -Wall -fstack-usage -MMD -MP -MF"Drivers/STM32F1xx_HAL_Driver/Src/stm32f1xx_hal_gpio.d" -MT"Drivers/STM32F1xx_HAL_Driver/Src/stm32f1xx_hal_gpio.o" --specs=nano.specs -mfloat-abi=soft -mthumb -o "Drivers/STM32F1xx_HAL_Driver/Src/stm32f1xx_hal_gpio.o"
arm-none-eabi-gcc "../Drivers/STM32F1xx_HAL_Driver/Src/stm32f1xx_hal_gpio_ex.c" -mcpu=cortex-m3 -std=gnu11 -g3 -DDEBUG -DUSE_HAL_DRIVER -DSTM32F103x6 -c -I../Core/Inc -I../Drivers/STM32F1xx_HAL_Driver/Inc -I../Drivers/STM32F1xx_HAL_Driver/Inc/Legacy -I../Drivers/CMSIS/Device/ST/STM32F1xx/Include -I../Drivers/CMSIS/Include -O0 -ffunction-sections -fdata-sections -Wall -fstack-usage -MMD -MP -MF"Drivers/STM32F1xx_HAL_Driver/Src/stm32f1xx_hal_gpio_ex.d" -MT"Drivers/STM32F1xx_HAL_Driver/Src/stm32f1xx_hal_gpio_ex.o" --specs=nano.specs -mfloat-abi=soft -mthumb -o "Drivers/STM32F1xx_HAL_Driver/Src/stm32f1xx_hal_gpio_ex.o"
arm-none-eabi-gcc "../Drivers/STM32F1xx_HAL_Driver/Src/stm32f1xx_hal_pwr.c" -mcpu=cortex-m3 -std=gnu11 -g3 -DDEBUG -DUSE_HAL_DRIVER -DSTM32F103x6 -c -I../Core/Inc -I../Drivers/STM32F1xx_HAL_Driver/Inc -I../Drivers/STM32F1xx_HAL_Driver/Inc/Legacy -I../Drivers/CMSIS/Device/ST/STM32F1xx/Include -I../Drivers/CMSIS/Include -O0 -ffunction-sections -fdata-sections -Wall -fstack-usage -MMD -MP -MF"Drivers/STM32F1xx_HAL_Driver/Src/stm32f1xx_hal_pwr.d" -MT"Drivers/STM32F1xx_HAL_Driver/Src/stm32f1xx_hal_pwr.o" --specs=nano.specs -mfloat-abi=soft -mthumb -o "Drivers/STM32F1xx_HAL_Driver/Src/stm32f1xx_hal_pwr.o"
arm-none-eabi-gcc "../Drivers/STM32F1xx_HAL_Driver/Src/stm32f1xx_hal_rcc.c" -mcpu=cortex-m3 -std=gnu11 -g3 -DDEBUG -DUSE_HAL_DRIVER -DSTM32F103x6 -c -I../Core/Inc -I../Drivers/STM32F1xx_HAL_Driver/Inc -I../Drivers/STM32F1xx_HAL_Driver/Inc/Legacy -I../Drivers/CMSIS/Device/ST/STM32F1xx/Include -I../Drivers/CMSIS/Include -O0 -ffunction-sections -fdata-sections -Wall -fstack-usage -MMD -MP -MF"Drivers/STM32F1xx_HAL_Driver/Src/stm32f1xx_hal_rcc.d" -MT"Drivers/STM32F1xx_HAL_Driver/Src/stm32f1xx_hal_rcc.o" --specs=nano.specs -mfloat-abi=soft -mthumb -o "Drivers/STM32F1xx_HAL_Driver/Src/stm32f1xx_hal_rcc.o"
arm-none-eabi-gcc "../Drivers/STM32F1xx_HAL_Driver/Src/stm32f1xx_hal_rcc_ex.c" -mcpu=cortex-m3 -std=gnu11 -g3 -DDEBUG -DUSE_HAL_DRIVER -DSTM32F103x6 -c -I../Core/Inc -I../Drivers/STM32F1xx_HAL_Driver/Inc -I../Drivers/STM32F1xx_HAL_Driver/Inc/Legacy -I../Drivers/CMSIS/Device/ST/STM32F1xx/Include -I../Drivers/CMSIS/Include -O0 -ffunction-sections -fdata-sections -Wall -fstack-usage -MMD -MP -MF"Drivers/STM32F1xx_HAL_Driver/Src/stm32f1xx_hal_rcc_ex.d" -MT"Drivers/STM32F1xx_HAL_Driver/Src/stm32f1xx_hal_rcc_ex.o" --specs=nano.specs -mfloat-abi=soft -mthumb -o "Drivers/STM32F1xx_HAL_Driver/Src/stm32f1xx_hal_rcc_ex.o"
arm-none-eabi-gcc "../Drivers/STM32F1xx_HAL_Driver/Src/stm32f1xx_hal_tim.c" -mcpu=cortex-m3 -std=gnu11 -g3 -DDEBUG -DUSE_HAL_DRIVER -DSTM32F103x6 -c -I../Core/Inc -I../Drivers/STM32F1xx_HAL_Driver/Inc -I../Drivers/STM32F1xx_HAL_Driver/Inc/Legacy -I../Drivers/CMSIS/Device/ST/STM32F1xx/Include -I../Drivers/CMSIS/Include -O0 -ffunction-sections -fdata-sections -Wall -fstack-usage -MMD -MP -MF"Drivers/STM32F1xx_HAL_Driver/Src/stm32f1xx_hal_tim.d" -MT"Drivers/STM32F1xx_HAL_Driver/Src/stm32f1xx_hal_tim.o" --specs=nano.specs -mfloat-abi=soft -mthumb -o "Drivers/STM32F1xx_HAL_Driver/Src/stm32f1xx_hal_tim.o"
arm-none-eabi-gcc "../Drivers/STM32F1xx_HAL_Driver/Src/stm32f1xx_hal_tim_ex.c" -mcpu=cortex-m3 -std=gnu11 -g3 -DDEBUG -DUSE_HAL_DRIVER -DSTM32F103x6 -c -I../Core/Inc -I../Drivers/STM32F1xx_HAL_Driver/Inc -I../Drivers/STM32F1xx_HAL_Driver/Inc/Legacy -I../Drivers/CMSIS/Device/ST/STM32F1xx/Include -I../Drivers/CMSIS/Include -O0 -ffunction-sections -fdata-sections -Wall -fstack-usage -MMD -MP -MF"Drivers/STM32F1xx_HAL_Driver/Src/stm32f1xx_hal_tim_ex.d" -MT"Drivers/STM32F1xx_HAL_Driver/Src/stm32f1xx_hal_tim_ex.o" --specs=nano.specs -mfloat-abi=soft -mthumb -o "Drivers/STM32F1xx_HAL_Driver/Src/stm32f1xx_hal_tim_ex.o"
arm-none-eabi-gcc "../Core/Src/main.c" -mcpu=cortex-m3 -std=gnu11 -g3 -DDEBUG -DUSE_HAL_DRIVER -DSTM32F103x6 -c -I../Core/Inc -I../Drivers/STM32F1xx_HAL_Driver/Inc -I../Drivers/STM32F1xx_HAL_Driver/Inc/Legacy -I../Drivers/CMSIS/Device/ST/STM32F1xx/Include -I../Drivers/CMSIS/Include -O0 -ffunction-sections -fdata-sections -Wall -fstack-usage -MMD -MP -MF"Core/Src/main.d" -MT"Core/Src/main.o" --specs=nano.specs -mfloat-abi=soft -mthumb -o "Core/Src/main.o"
arm-none-eabi-gcc "../Core/Src/stm32f1xx_hal_msp.c" -mcpu=cortex-m3 -std=gnu11 -g3 -DDEBUG -DUSE_HAL_DRIVER -DSTM32F103x6 -c -I../Core/Inc -I../Drivers/STM32F1xx_HAL_Driver/Inc -I../Drivers/STM32F1xx_HAL_Driver/Inc/Legacy -I../Drivers/CMSIS/Device/ST/STM32F1xx/Include -I../Drivers/CMSIS/Include -O0 -ffunction-sections -fdata-sections -Wall -fstack-usage -MMD -MP -MF"Core/Src/stm32f1xx_hal_msp.d" -MT"Core/Src/stm32f1xx_hal_msp.o" --specs=nano.specs -mfloat-abi=soft -mthumb -o "Core/Src/stm32f1xx_hal_msp.o"
arm-none-eabi-gcc "../Core/Src/stm32f1xx_it.c" -mcpu=cortex-m3 -std=gnu11 -g3 -DDEBUG -DUSE_HAL_DRIVER -DSTM32F103x6 -c -I../Core/Inc -I../Drivers/STM32F1xx_HAL_Driver/Inc -I../Drivers/STM32F1xx_HAL_Driver/Inc/Legacy -I../Drivers/CMSIS/Device/ST/STM32F1xx/Include -I../Drivers/CMSIS/Include -O0 -ffunction-sections -fdata-sections -Wall -fstack-usage -MMD -MP -MF"Core/Src/stm32f1xx_it.d" -MT"Core/Src/stm32f1xx_it.o" --specs=nano.specs -mfloat-abi=soft -mthumb -o "Core/Src/stm32f1xx_it.o"
arm-none-eabi-gcc "../Core/Src/system_stm32f1xx.c" -mcpu=cortex-m3 -std=gnu11 -g3 -DDEBUG -DUSE_HAL_DRIVER -DSTM32F103x6 -c -I../Core/Inc -I../Drivers/STM32F1xx_HAL_Driver/Inc -I../Drivers/STM32F1xx_HAL_Driver/Inc/Legacy -I../Drivers/CMSIS/Device/ST/STM32F1xx/Include -I../Drivers/CMSIS/Include -O0 -ffunction-sections -fdata-sections -Wall -fstack-usage -MMD -MP -MF"Core/Src/system_stm32f1xx.d" -MT"Core/Src/system_stm32f1xx.o" --specs=nano.specs -mfloat-abi=soft -mthumb -o "Core/Src/system_stm32f1xx.o"
arm-none-eabi-gcc -o "Excercise_5.elf" @"objects.list"   -mcpu=cortex-m3 -T"C:\Users\DELL\Microprocessors-Microcontrollers-Lab\Lab_1\Lab_1_STM32\Excercise_5\STM32F103C6UX_FLASH.ld" --specs=nosys.specs -Wl,-Map="Excercise_5.map" -Wl,--gc-sections -static --specs=nano.specs -mfloat-abi=soft -mthumb -Wl,--start-group -lc -lm -Wl,--end-group
Finished building target: Excercise_5.elf
 
arm-none-eabi-size   Excercise_5.elf 
arm-none-eabi-objdump -h -S  Excercise_5.elf  > "Excercise_5.list"
arm-none-eabi-objcopy  -O ihex  Excercise_5.elf  "Excercise_5.hex"
   text	   data	    bss	    dec	    hex	filename
   5492	     20	   1572	   7084	   1bac	Excercise_5.elf
arm-none-eabi-objcopy  -O binary  Excercise_5.elf  "Excercise_5.bin"
Finished building: default.size.stdout
 
Finished building: Excercise_5.hex
Finished building: Excercise_5.list
Finished building: Excercise_5.bin
 
 
 
15:07:17 **** Incremental Build of configuration Debug for project Excercise_5 ****
make -j12 all 
arm-none-eabi-size   Excercise_5.elf 
   text	   data	    bss	    dec	    hex	filename
   5492	     20	   1572	   7084	   1bac	Excercise_5.elf
Finished building: default.size.stdout
 
15:09:40 **** Incremental Build of configuration Debug for project Excercise_5 ****
make -j12 all 
arm-none-eabi-gcc "../Core/Src/main.c" -mcpu=cortex-m3 -std=gnu11 -g3 -DDEBUG -DUSE_HAL_DRIVER -DSTM32F103x6 -c -I../Core/Inc -I../Drivers/STM32F1xx_HAL_Driver/Inc -I../Drivers/STM32F1xx_HAL_Driver/Inc/Legacy -I../Drivers/CMSIS/Device/ST/STM32F1xx/Include -I../Drivers/CMSIS/Include -O0 -ffunction-sections -fdata-sections -Wall -fstack-usage -MMD -MP -MF"Core/Src/main.d" -MT"Core/Src/main.o" --specs=nano.specs -mfloat-abi=soft -mthumb -o "Core/Src/main.o"
arm-none-eabi-gcc -o "Excercise_5.elf" @"objects.list"   -mcpu=cortex-m3 -T"C:\Users\DELL\Microprocessors-Microcontrollers-Lab\Lab_1\Lab_1_STM32\Excercise_5\STM32F103C6UX_FLASH.ld" --specs=nosys.specs -Wl,-Map="Excercise_5.map" -Wl,--gc-sections -static --specs=nano.specs -mfloat-abi=soft -mthumb -Wl,--start-group -lc -lm -Wl,--end-group
Finished building target: Excercise_5.elf
 
arm-none-eabi-size   Excercise_5.elf 
arm-none-eabi-objdump -h -S  Excercise_5.elf  > "Excercise_5.list"
arm-none-eabi-objcopy  -O ihex  Excercise_5.elf  "Excercise_5.hex"
   text	   data	    bss	    dec	    hex	filename
   5492	     20	   1572	   7084	   1bac	Excercise_5.elf
arm-none-eabi-objcopy  -O binary  Excercise_5.elf  "Excercise_5.bin"
Finished building: default.size.stdout
 
Finished building: Excercise_5.hex
Finished building: Excercise_5.list
Finished building: Excercise_5.bin
 
 
 
15:10:54 **** Incremental Build of configuration Debug for project Excercise_5 ****
make -j12 all 
arm-none-eabi-gcc "../Core/Src/main.c" -mcpu=cortex-m3 -std=gnu11 -g3 -DDEBUG -DUSE_HAL_DRIVER -DSTM32F103x6 -c -I../Core/Inc -I../Drivers/STM32F1xx_HAL_Driver/Inc -I../Drivers/STM32F1xx_HAL_Driver/Inc/Legacy -I../Drivers/CMSIS/Device/ST/STM32F1xx/Include -I../Drivers/CMSIS/Include -O0 -ffunction-sections -fdata-sections -Wall -fstack-usage -MMD -MP -MF"Core/Src/main.d" -MT"Core/Src/main.o" --specs=nano.specs -mfloat-abi=soft -mthumb -o "Core/Src/main.o"
arm-none-eabi-gcc -o "Excercise_5.elf" @"objects.list"   -mcpu=cortex-m3 -T"C:\Users\DELL\Microprocessors-Microcontrollers-Lab\Lab_1\Lab_1_STM32\Excercise_5\STM32F103C6UX_FLASH.ld" --specs=nosys.specs -Wl,-Map="Excercise_5.map" -Wl,--gc-sections -static --specs=nano.specs -mfloat-abi=soft -mthumb -Wl,--start-group -lc -lm -Wl,--end-group
Finished building target: Excercise_5.elf
 
arm-none-eabi-size   Excercise_5.elf 
arm-none-eabi-objdump -h -S  Excercise_5.elf  > "Excercise_5.list"
arm-none-eabi-objcopy  -O ihex  Excercise_5.elf  "Excercise_5.hex"
   text	   data	    bss	    dec	    hex	filename
   5492	     20	   1572	   7084	   1bac	Excercise_5.elf
arm-none-eabi-objcopy  -O binary  Excercise_5.elf  "Excercise_5.bin"
Finished building: default.size.stdout
 
Finished building: Excercise_5.hex
Finished building: Excercise_5.list
Finished building: Excercise_5.bin
 
 
 
15:12:28 **** Incremental Build of configuration Debug for project Excercise_5 ****
make -j12 all 
arm-none-eabi-gcc "../Core/Src/main.c" -mcpu=cortex-m3 -std=gnu11 -g3 -DDEBUG -DUSE_HAL_DRIVER -DSTM32F103x6 -c -I../Core/Inc -I../Drivers/STM32F1xx_HAL_Driver/Inc -I../Drivers/STM32F1xx_HAL_Driver/Inc/Legacy -I../Drivers/CMSIS/Device/ST/STM32F1xx/Include -I../Drivers/CMSIS/Include -O0 -ffunction-sections -fdata-sections -Wall -fstack-usage -MMD -MP -MF"Core/Src/main.d" -MT"Core/Src/main.o" --specs=nano.specs -mfloat-abi=soft -mthumb -o "Core/Src/main.o"
arm-none-eabi-gcc -o "Excercise_5.elf" @"objects.list"   -mcpu=cortex-m3 -T"C:\Users\DELL\Microprocessors-Microcontrollers-Lab\Lab_1\Lab_1_STM32\Excercise_5\STM32F103C6UX_FLASH.ld" --specs=nosys.specs -Wl,-Map="Excercise_5.map" -Wl,--gc-sections -static --specs=nano.specs -mfloat-abi=soft -mthumb -Wl,--start-group -lc -lm -Wl,--end-group
Finished building target: Excercise_5.elf
 
arm-none-eabi-size   Excercise_5.elf 
arm-none-eabi-objdump -h -S  Excercise_5.elf  > "Excercise_5.list"
arm-none-eabi-objcopy  -O ihex  Excercise_5.elf  "Excercise_5.hex"
   text	   data	    bss	    dec	    hex	filename
   5492	     20	   1572	   7084	   1bac	Excercise_5.elf
arm-none-eabi-objcopy  -O binary  Excercise_5.elf  "Excercise_5.bin"
Finished building: default.size.stdout
 
Finished building: Excercise_5.hex
Finished building: Excercise_5.bin
Finished building: Excercise_5.list
 
 
 
15:44:10 **** Incremental Build of configuration Debug for project Excercise_5 ****
make -j12 all 
arm-none-eabi-gcc "../Drivers/STM32F1xx_HAL_Driver/Src/stm32f1xx_hal.c" -mcpu=cortex-m3 -std=gnu11 -g3 -DDEBUG -DUSE_HAL_DRIVER -DSTM32F103x6 -c -I../Core/Inc -I../Drivers/STM32F1xx_HAL_Driver/Inc -I../Drivers/STM32F1xx_HAL_Driver/Inc/Legacy -I../Drivers/CMSIS/Device/ST/STM32F1xx/Include -I../Drivers/CMSIS/Include -O0 -ffunction-sections -fdata-sections -Wall -fstack-usage -MMD -MP -MF"Drivers/STM32F1xx_HAL_Driver/Src/stm32f1xx_hal.d" -MT"Drivers/STM32F1xx_HAL_Driver/Src/stm32f1xx_hal.o" --specs=nano.specs -mfloat-abi=soft -mthumb -o "Drivers/STM32F1xx_HAL_Driver/Src/stm32f1xx_hal.o"
arm-none-eabi-gcc "../Drivers/STM32F1xx_HAL_Driver/Src/stm32f1xx_hal_cortex.c" -mcpu=cortex-m3 -std=gnu11 -g3 -DDEBUG -DUSE_HAL_DRIVER -DSTM32F103x6 -c -I../Core/Inc -I../Drivers/STM32F1xx_HAL_Driver/Inc -I../Drivers/STM32F1xx_HAL_Driver/Inc/Legacy -I../Drivers/CMSIS/Device/ST/STM32F1xx/Include -I../Drivers/CMSIS/Include -O0 -ffunction-sections -fdata-sections -Wall -fstack-usage -MMD -MP -MF"Drivers/STM32F1xx_HAL_Driver/Src/stm32f1xx_hal_cortex.d" -MT"Drivers/STM32F1xx_HAL_Driver/Src/stm32f1xx_hal_cortex.o" --specs=nano.specs -mfloat-abi=soft -mthumb -o "Drivers/STM32F1xx_HAL_Driver/Src/stm32f1xx_hal_cortex.o"
arm-none-eabi-gcc "../Drivers/STM32F1xx_HAL_Driver/Src/stm32f1xx_hal_dma.c" -mcpu=cortex-m3 -std=gnu11 -g3 -DDEBUG -DUSE_HAL_DRIVER -DSTM32F103x6 -c -I../Core/Inc -I../Drivers/STM32F1xx_HAL_Driver/Inc -I../Drivers/STM32F1xx_HAL_Driver/Inc/Legacy -I../Drivers/CMSIS/Device/ST/STM32F1xx/Include -I../Drivers/CMSIS/Include -O0 -ffunction-sections -fdata-sections -Wall -fstack-usage -MMD -MP -MF"Drivers/STM32F1xx_HAL_Driver/Src/stm32f1xx_hal_dma.d" -MT"Drivers/STM32F1xx_HAL_Driver/Src/stm32f1xx_hal_dma.o" --specs=nano.specs -mfloat-abi=soft -mthumb -o "Drivers/STM32F1xx_HAL_Driver/Src/stm32f1xx_hal_dma.o"
arm-none-eabi-gcc "../Drivers/STM32F1xx_HAL_Driver/Src/stm32f1xx_hal_exti.c" -mcpu=cortex-m3 -std=gnu11 -g3 -DDEBUG -DUSE_HAL_DRIVER -DSTM32F103x6 -c -I../Core/Inc -I../Drivers/STM32F1xx_HAL_Driver/Inc -I../Drivers/STM32F1xx_HAL_Driver/Inc/Legacy -I../Drivers/CMSIS/Device/ST/STM32F1xx/Include -I../Drivers/CMSIS/Include -O0 -ffunction-sections -fdata-sections -Wall -fstack-usage -MMD -MP -MF"Drivers/STM32F1xx_HAL_Driver/Src/stm32f1xx_hal_exti.d" -MT"Drivers/STM32F1xx_HAL_Driver/Src/stm32f1xx_hal_exti.o" --specs=nano.specs -mfloat-abi=soft -mthumb -o "Drivers/STM32F1xx_HAL_Driver/Src/stm32f1xx_hal_exti.o"
arm-none-eabi-gcc "../Drivers/STM32F1xx_HAL_Driver/Src/stm32f1xx_hal_flash.c" -mcpu=cortex-m3 -std=gnu11 -g3 -DDEBUG -DUSE_HAL_DRIVER -DSTM32F103x6 -c -I../Core/Inc -I../Drivers/STM32F1xx_HAL_Driver/Inc -I../Drivers/STM32F1xx_HAL_Driver/Inc/Legacy -I../Drivers/CMSIS/Device/ST/STM32F1xx/Include -I../Drivers/CMSIS/Include -O0 -ffunction-sections -fdata-sections -Wall -fstack-usage -MMD -MP -MF"Drivers/STM32F1xx_HAL_Driver/Src/stm32f1xx_hal_flash.d" -MT"Drivers/STM32F1xx_HAL_Driver/Src/stm32f1xx_hal_flash.o" --specs=nano.specs -mfloat-abi=soft -mthumb -o "Drivers/STM32F1xx_HAL_Driver/Src/stm32f1xx_hal_flash.o"
arm-none-eabi-gcc "../Drivers/STM32F1xx_HAL_Driver/Src/stm32f1xx_hal_flash_ex.c" -mcpu=cortex-m3 -std=gnu11 -g3 -DDEBUG -DUSE_HAL_DRIVER -DSTM32F103x6 -c -I../Core/Inc -I../Drivers/STM32F1xx_HAL_Driver/Inc -I../Drivers/STM32F1xx_HAL_Driver/Inc/Legacy -I../Drivers/CMSIS/Device/ST/STM32F1xx/Include -I../Drivers/CMSIS/Include -O0 -ffunction-sections -fdata-sections -Wall -fstack-usage -MMD -MP -MF"Drivers/STM32F1xx_HAL_Driver/Src/stm32f1xx_hal_flash_ex.d" -MT"Drivers/STM32F1xx_HAL_Driver/Src/stm32f1xx_hal_flash_ex.o" --specs=nano.specs -mfloat-abi=soft -mthumb -o "Drivers/STM32F1xx_HAL_Driver/Src/stm32f1xx_hal_flash_ex.o"
arm-none-eabi-gcc "../Drivers/STM32F1xx_HAL_Driver/Src/stm32f1xx_hal_gpio.c" -mcpu=cortex-m3 -std=gnu11 -g3 -DDEBUG -DUSE_HAL_DRIVER -DSTM32F103x6 -c -I../Core/Inc -I../Drivers/STM32F1xx_HAL_Driver/Inc -I../Drivers/STM32F1xx_HAL_Driver/Inc/Legacy -I../Drivers/CMSIS/Device/ST/STM32F1xx/Include -I../Drivers/CMSIS/Include -O0 -ffunction-sections -fdata-sections -Wall -fstack-usage -MMD -MP -MF"Drivers/STM32F1xx_HAL_Driver/Src/stm32f1xx_hal_gpio.d" -MT"Drivers/STM32F1xx_HAL_Driver/Src/stm32f1xx_hal_gpio.o" --specs=nano.specs -mfloat-abi=soft -mthumb -o "Drivers/STM32F1xx_HAL_Driver/Src/stm32f1xx_hal_gpio.o"
arm-none-eabi-gcc "../Drivers/STM32F1xx_HAL_Driver/Src/stm32f1xx_hal_gpio_ex.c" -mcpu=cortex-m3 -std=gnu11 -g3 -DDEBUG -DUSE_HAL_DRIVER -DSTM32F103x6 -c -I../Core/Inc -I../Drivers/STM32F1xx_HAL_Driver/Inc -I../Drivers/STM32F1xx_HAL_Driver/Inc/Legacy -I../Drivers/CMSIS/Device/ST/STM32F1xx/Include -I../Drivers/CMSIS/Include -O0 -ffunction-sections -fdata-sections -Wall -fstack-usage -MMD -MP -MF"Drivers/STM32F1xx_HAL_Driver/Src/stm32f1xx_hal_gpio_ex.d" -MT"Drivers/STM32F1xx_HAL_Driver/Src/stm32f1xx_hal_gpio_ex.o" --specs=nano.specs -mfloat-abi=soft -mthumb -o "Drivers/STM32F1xx_HAL_Driver/Src/stm32f1xx_hal_gpio_ex.o"
arm-none-eabi-gcc "../Drivers/STM32F1xx_HAL_Driver/Src/stm32f1xx_hal_pwr.c" -mcpu=cortex-m3 -std=gnu11 -g3 -DDEBUG -DUSE_HAL_DRIVER -DSTM32F103x6 -c -I../Core/Inc -I../Drivers/STM32F1xx_HAL_Driver/Inc -I../Drivers/STM32F1xx_HAL_Driver/Inc/Legacy -I../Drivers/CMSIS/Device/ST/STM32F1xx/Include -I../Drivers/CMSIS/Include -O0 -ffunction-sections -fdata-sections -Wall -fstack-usage -MMD -MP -MF"Drivers/STM32F1xx_HAL_Driver/Src/stm32f1xx_hal_pwr.d" -MT"Drivers/STM32F1xx_HAL_Driver/Src/stm32f1xx_hal_pwr.o" --specs=nano.specs -mfloat-abi=soft -mthumb -o "Drivers/STM32F1xx_HAL_Driver/Src/stm32f1xx_hal_pwr.o"
arm-none-eabi-gcc "../Drivers/STM32F1xx_HAL_Driver/Src/stm32f1xx_hal_rcc.c" -mcpu=cortex-m3 -std=gnu11 -g3 -DDEBUG -DUSE_HAL_DRIVER -DSTM32F103x6 -c -I../Core/Inc -I../Drivers/STM32F1xx_HAL_Driver/Inc -I../Drivers/STM32F1xx_HAL_Driver/Inc/Legacy -I../Drivers/CMSIS/Device/ST/STM32F1xx/Include -I../Drivers/CMSIS/Include -O0 -ffunction-sections -fdata-sections -Wall -fstack-usage -MMD -MP -MF"Drivers/STM32F1xx_HAL_Driver/Src/stm32f1xx_hal_rcc.d" -MT"Drivers/STM32F1xx_HAL_Driver/Src/stm32f1xx_hal_rcc.o" --specs=nano.specs -mfloat-abi=soft -mthumb -o "Drivers/STM32F1xx_HAL_Driver/Src/stm32f1xx_hal_rcc.o"
arm-none-eabi-gcc "../Drivers/STM32F1xx_HAL_Driver/Src/stm32f1xx_hal_rcc_ex.c" -mcpu=cortex-m3 -std=gnu11 -g3 -DDEBUG -DUSE_HAL_DRIVER -DSTM32F103x6 -c -I../Core/Inc -I../Drivers/STM32F1xx_HAL_Driver/Inc -I../Drivers/STM32F1xx_HAL_Driver/Inc/Legacy -I../Drivers/CMSIS/Device/ST/STM32F1xx/Include -I../Drivers/CMSIS/Include -O0 -ffunction-sections -fdata-sections -Wall -fstack-usage -MMD -MP -MF"Drivers/STM32F1xx_HAL_Driver/Src/stm32f1xx_hal_rcc_ex.d" -MT"Drivers/STM32F1xx_HAL_Driver/Src/stm32f1xx_hal_rcc_ex.o" --specs=nano.specs -mfloat-abi=soft -mthumb -o "Drivers/STM32F1xx_HAL_Driver/Src/stm32f1xx_hal_rcc_ex.o"
arm-none-eabi-gcc "../Drivers/STM32F1xx_HAL_Driver/Src/stm32f1xx_hal_tim.c" -mcpu=cortex-m3 -std=gnu11 -g3 -DDEBUG -DUSE_HAL_DRIVER -DSTM32F103x6 -c -I../Core/Inc -I../Drivers/STM32F1xx_HAL_Driver/Inc -I../Drivers/STM32F1xx_HAL_Driver/Inc/Legacy -I../Drivers/CMSIS/Device/ST/STM32F1xx/Include -I../Drivers/CMSIS/Include -O0 -ffunction-sections -fdata-sections -Wall -fstack-usage -MMD -MP -MF"Drivers/STM32F1xx_HAL_Driver/Src/stm32f1xx_hal_tim.d" -MT"Drivers/STM32F1xx_HAL_Driver/Src/stm32f1xx_hal_tim.o" --specs=nano.specs -mfloat-abi=soft -mthumb -o "Drivers/STM32F1xx_HAL_Driver/Src/stm32f1xx_hal_tim.o"
arm-none-eabi-gcc "../Drivers/STM32F1xx_HAL_Driver/Src/stm32f1xx_hal_tim_ex.c" -mcpu=cortex-m3 -std=gnu11 -g3 -DDEBUG -DUSE_HAL_DRIVER -DSTM32F103x6 -c -I../Core/Inc -I../Drivers/STM32F1xx_HAL_Driver/Inc -I../Drivers/STM32F1xx_HAL_Driver/Inc/Legacy -I../Drivers/CMSIS/Device/ST/STM32F1xx/Include -I../Drivers/CMSIS/Include -O0 -ffunction-sections -fdata-sections -Wall -fstack-usage -MMD -MP -MF"Drivers/STM32F1xx_HAL_Driver/Src/stm32f1xx_hal_tim_ex.d" -MT"Drivers/STM32F1xx_HAL_Driver/Src/stm32f1xx_hal_tim_ex.o" --specs=nano.specs -mfloat-abi=soft -mthumb -o "Drivers/STM32F1xx_HAL_Driver/Src/stm32f1xx_hal_tim_ex.o"
arm-none-eabi-gcc "../Core/Src/main.c" -mcpu=cortex-m3 -std=gnu11 -g3 -DDEBUG -DUSE_HAL_DRIVER -DSTM32F103x6 -c -I../Core/Inc -I../Drivers/STM32F1xx_HAL_Driver/Inc -I../Drivers/STM32F1xx_HAL_Driver/Inc/Legacy -I../Drivers/CMSIS/Device/ST/STM32F1xx/Include -I../Drivers/CMSIS/Include -O0 -ffunction-sections -fdata-sections -Wall -fstack-usage -MMD -MP -MF"Core/Src/main.d" -MT"Core/Src/main.o" --specs=nano.specs -mfloat-abi=soft -mthumb -o "Core/Src/main.o"
arm-none-eabi-gcc "../Core/Src/stm32f1xx_hal_msp.c" -mcpu=cortex-m3 -std=gnu11 -g3 -DDEBUG -DUSE_HAL_DRIVER -DSTM32F103x6 -c -I../Core/Inc -I../Drivers/STM32F1xx_HAL_Driver/Inc -I../Drivers/STM32F1xx_HAL_Driver/Inc/Legacy -I../Drivers/CMSIS/Device/ST/STM32F1xx/Include -I../Drivers/CMSIS/Include -O0 -ffunction-sections -fdata-sections -Wall -fstack-usage -MMD -MP -MF"Core/Src/stm32f1xx_hal_msp.d" -MT"Core/Src/stm32f1xx_hal_msp.o" --specs=nano.specs -mfloat-abi=soft -mthumb -o "Core/Src/stm32f1xx_hal_msp.o"
arm-none-eabi-gcc "../Core/Src/stm32f1xx_it.c" -mcpu=cortex-m3 -std=gnu11 -g3 -DDEBUG -DUSE_HAL_DRIVER -DSTM32F103x6 -c -I../Core/Inc -I../Drivers/STM32F1xx_HAL_Driver/Inc -I../Drivers/STM32F1xx_HAL_Driver/Inc/Legacy -I../Drivers/CMSIS/Device/ST/STM32F1xx/Include -I../Drivers/CMSIS/Include -O0 -ffunction-sections -fdata-sections -Wall -fstack-usage -MMD -MP -MF"Core/Src/stm32f1xx_it.d" -MT"Core/Src/stm32f1xx_it.o" --specs=nano.specs -mfloat-abi=soft -mthumb -o "Core/Src/stm32f1xx_it.o"
arm-none-eabi-gcc "../Core/Src/system_stm32f1xx.c" -mcpu=cortex-m3 -std=gnu11 -g3 -DDEBUG -DUSE_HAL_DRIVER -DSTM32F103x6 -c -I../Core/Inc -I../Drivers/STM32F1xx_HAL_Driver/Inc -I../Drivers/STM32F1xx_HAL_Driver/Inc/Legacy -I../Drivers/CMSIS/Device/ST/STM32F1xx/Include -I../Drivers/CMSIS/Include -O0 -ffunction-sections -fdata-sections -Wall -fstack-usage -MMD -MP -MF"Core/Src/system_stm32f1xx.d" -MT"Core/Src/system_stm32f1xx.o" --specs=nano.specs -mfloat-abi=soft -mthumb -o "Core/Src/system_stm32f1xx.o"
../Core/Src/main.c: In function 'display7SEG':
../Core/Src/main.c:214:23: error: 'a_GPIO_Port' undeclared (first use in this function); did you mean 'a_V_GPIO_Port'?
  214 |     HAL_GPIO_WritePin(a_GPIO_Port,a_Pin,seg[num][0]);
      |                       ^~~~~~~~~~~
      |                       a_V_GPIO_Port
../Core/Src/main.c:214:23: note: each undeclared identifier is reported only once for each function it appears in
../Core/Src/main.c:214:35: error: 'a_Pin' undeclared (first use in this function); did you mean 'a_V_Pin'?
  214 |     HAL_GPIO_WritePin(a_GPIO_Port,a_Pin,seg[num][0]);
      |                                   ^~~~~
      |                                   a_V_Pin
../Core/Src/main.c:215:23: error: 'b_GPIO_Port' undeclared (first use in this function); did you mean 'b_V_GPIO_Port'?
  215 |     HAL_GPIO_WritePin(b_GPIO_Port,b_Pin,seg[num][1]);
      |                       ^~~~~~~~~~~
      |                       b_V_GPIO_Port
../Core/Src/main.c:215:35: error: 'b_Pin' undeclared (first use in this function); did you mean 'b_V_Pin'?
  215 |     HAL_GPIO_WritePin(b_GPIO_Port,b_Pin,seg[num][1]);
      |                                   ^~~~~
      |                                   b_V_Pin
../Core/Src/main.c:216:23: error: 'c_GPIO_Port' undeclared (first use in this function); did you mean 'c_V_GPIO_Port'?
  216 |     HAL_GPIO_WritePin(c_GPIO_Port,c_Pin,seg[num][2]);
      |                       ^~~~~~~~~~~
      |                       c_V_GPIO_Port
../Core/Src/main.c:216:35: error: 'c_Pin' undeclared (first use in this function); did you mean 'c_V_Pin'?
  216 |     HAL_GPIO_WritePin(c_GPIO_Port,c_Pin,seg[num][2]);
      |                                   ^~~~~
      |                                   c_V_Pin
../Core/Src/main.c:217:23: error: 'd_GPIO_Port' undeclared (first use in this function); did you mean 'd_V_GPIO_Port'?
  217 |     HAL_GPIO_WritePin(d_GPIO_Port,d_Pin,seg[num][3]);
      |                       ^~~~~~~~~~~
      |                       d_V_GPIO_Port
../Core/Src/main.c:217:35: error: 'd_Pin' undeclared (first use in this function); did you mean 'd_V_Pin'?
  217 |     HAL_GPIO_WritePin(d_GPIO_Port,d_Pin,seg[num][3]);
      |                                   ^~~~~
      |                                   d_V_Pin
../Core/Src/main.c:218:23: error: 'e_GPIO_Port' undeclared (first use in this function); did you mean 'e_V_GPIO_Port'?
  218 |     HAL_GPIO_WritePin(e_GPIO_Port,e_Pin,seg[num][4]);
      |                       ^~~~~~~~~~~
      |                       e_V_GPIO_Port
../Core/Src/main.c:218:35: error: 'e_Pin' undeclared (first use in this function); did you mean 'e_V_Pin'?
  218 |     HAL_GPIO_WritePin(e_GPIO_Port,e_Pin,seg[num][4]);
      |                                   ^~~~~
      |                                   e_V_Pin
../Core/Src/main.c:219:23: error: 'f_GPIO_Port' undeclared (first use in this function); did you mean 'f_V_GPIO_Port'?
  219 |     HAL_GPIO_WritePin(f_GPIO_Port,f_Pin,seg[num][5]);
      |                       ^~~~~~~~~~~
      |                       f_V_GPIO_Port
../Core/Src/main.c:219:35: error: 'f_Pin' undeclared (first use in this function); did you mean 'f_V_Pin'?
  219 |     HAL_GPIO_WritePin(f_GPIO_Port,f_Pin,seg[num][5]);
      |                                   ^~~~~
      |                                   f_V_Pin
../Core/Src/main.c:220:23: error: 'g_GPIO_Port' undeclared (first use in this function); did you mean 'g_V_GPIO_Port'?
  220 |     HAL_GPIO_WritePin(g_GPIO_Port,g_Pin,seg[num][6]);
      |                       ^~~~~~~~~~~
      |                       g_V_GPIO_Port
../Core/Src/main.c:220:35: error: 'g_Pin' undeclared (first use in this function); did you mean 'g_V_Pin'?
  220 |     HAL_GPIO_WritePin(g_GPIO_Port,g_Pin,seg[num][6]);
      |                                   ^~~~~
      |                                   g_V_Pin
make: *** [Core/Src/subdir.mk:34: Core/Src/main.o] Error 1
make: *** Waiting for unfinished jobs....
"make -j12 all" terminated with exit code 2. Build might be incomplete.
15:44:59 **** Incremental Build of configuration Debug for project Excercise_5 ****
make -j12 all 
arm-none-eabi-gcc "../Drivers/STM32F1xx_HAL_Driver/Src/stm32f1xx_hal.c" -mcpu=cortex-m3 -std=gnu11 -g3 -DDEBUG -DUSE_HAL_DRIVER -DSTM32F103x6 -c -I../Core/Inc -I../Drivers/STM32F1xx_HAL_Driver/Inc -I../Drivers/STM32F1xx_HAL_Driver/Inc/Legacy -I../Drivers/CMSIS/Device/ST/STM32F1xx/Include -I../Drivers/CMSIS/Include -O0 -ffunction-sections -fdata-sections -Wall -fstack-usage -MMD -MP -MF"Drivers/STM32F1xx_HAL_Driver/Src/stm32f1xx_hal.d" -MT"Drivers/STM32F1xx_HAL_Driver/Src/stm32f1xx_hal.o" --specs=nano.specs -mfloat-abi=soft -mthumb -o "Drivers/STM32F1xx_HAL_Driver/Src/stm32f1xx_hal.o"
arm-none-eabi-gcc "../Drivers/STM32F1xx_HAL_Driver/Src/stm32f1xx_hal_cortex.c" -mcpu=cortex-m3 -std=gnu11 -g3 -DDEBUG -DUSE_HAL_DRIVER -DSTM32F103x6 -c -I../Core/Inc -I../Drivers/STM32F1xx_HAL_Driver/Inc -I../Drivers/STM32F1xx_HAL_Driver/Inc/Legacy -I../Drivers/CMSIS/Device/ST/STM32F1xx/Include -I../Drivers/CMSIS/Include -O0 -ffunction-sections -fdata-sections -Wall -fstack-usage -MMD -MP -MF"Drivers/STM32F1xx_HAL_Driver/Src/stm32f1xx_hal_cortex.d" -MT"Drivers/STM32F1xx_HAL_Driver/Src/stm32f1xx_hal_cortex.o" --specs=nano.specs -mfloat-abi=soft -mthumb -o "Drivers/STM32F1xx_HAL_Driver/Src/stm32f1xx_hal_cortex.o"
arm-none-eabi-gcc "../Drivers/STM32F1xx_HAL_Driver/Src/stm32f1xx_hal_dma.c" -mcpu=cortex-m3 -std=gnu11 -g3 -DDEBUG -DUSE_HAL_DRIVER -DSTM32F103x6 -c -I../Core/Inc -I../Drivers/STM32F1xx_HAL_Driver/Inc -I../Drivers/STM32F1xx_HAL_Driver/Inc/Legacy -I../Drivers/CMSIS/Device/ST/STM32F1xx/Include -I../Drivers/CMSIS/Include -O0 -ffunction-sections -fdata-sections -Wall -fstack-usage -MMD -MP -MF"Drivers/STM32F1xx_HAL_Driver/Src/stm32f1xx_hal_dma.d" -MT"Drivers/STM32F1xx_HAL_Driver/Src/stm32f1xx_hal_dma.o" --specs=nano.specs -mfloat-abi=soft -mthumb -o "Drivers/STM32F1xx_HAL_Driver/Src/stm32f1xx_hal_dma.o"
arm-none-eabi-gcc "../Drivers/STM32F1xx_HAL_Driver/Src/stm32f1xx_hal_exti.c" -mcpu=cortex-m3 -std=gnu11 -g3 -DDEBUG -DUSE_HAL_DRIVER -DSTM32F103x6 -c -I../Core/Inc -I../Drivers/STM32F1xx_HAL_Driver/Inc -I../Drivers/STM32F1xx_HAL_Driver/Inc/Legacy -I../Drivers/CMSIS/Device/ST/STM32F1xx/Include -I../Drivers/CMSIS/Include -O0 -ffunction-sections -fdata-sections -Wall -fstack-usage -MMD -MP -MF"Drivers/STM32F1xx_HAL_Driver/Src/stm32f1xx_hal_exti.d" -MT"Drivers/STM32F1xx_HAL_Driver/Src/stm32f1xx_hal_exti.o" --specs=nano.specs -mfloat-abi=soft -mthumb -o "Drivers/STM32F1xx_HAL_Driver/Src/stm32f1xx_hal_exti.o"
arm-none-eabi-gcc "../Drivers/STM32F1xx_HAL_Driver/Src/stm32f1xx_hal_flash.c" -mcpu=cortex-m3 -std=gnu11 -g3 -DDEBUG -DUSE_HAL_DRIVER -DSTM32F103x6 -c -I../Core/Inc -I../Drivers/STM32F1xx_HAL_Driver/Inc -I../Drivers/STM32F1xx_HAL_Driver/Inc/Legacy -I../Drivers/CMSIS/Device/ST/STM32F1xx/Include -I../Drivers/CMSIS/Include -O0 -ffunction-sections -fdata-sections -Wall -fstack-usage -MMD -MP -MF"Drivers/STM32F1xx_HAL_Driver/Src/stm32f1xx_hal_flash.d" -MT"Drivers/STM32F1xx_HAL_Driver/Src/stm32f1xx_hal_flash.o" --specs=nano.specs -mfloat-abi=soft -mthumb -o "Drivers/STM32F1xx_HAL_Driver/Src/stm32f1xx_hal_flash.o"
arm-none-eabi-gcc "../Drivers/STM32F1xx_HAL_Driver/Src/stm32f1xx_hal_flash_ex.c" -mcpu=cortex-m3 -std=gnu11 -g3 -DDEBUG -DUSE_HAL_DRIVER -DSTM32F103x6 -c -I../Core/Inc -I../Drivers/STM32F1xx_HAL_Driver/Inc -I../Drivers/STM32F1xx_HAL_Driver/Inc/Legacy -I../Drivers/CMSIS/Device/ST/STM32F1xx/Include -I../Drivers/CMSIS/Include -O0 -ffunction-sections -fdata-sections -Wall -fstack-usage -MMD -MP -MF"Drivers/STM32F1xx_HAL_Driver/Src/stm32f1xx_hal_flash_ex.d" -MT"Drivers/STM32F1xx_HAL_Driver/Src/stm32f1xx_hal_flash_ex.o" --specs=nano.specs -mfloat-abi=soft -mthumb -o "Drivers/STM32F1xx_HAL_Driver/Src/stm32f1xx_hal_flash_ex.o"
arm-none-eabi-gcc "../Drivers/STM32F1xx_HAL_Driver/Src/stm32f1xx_hal_gpio.c" -mcpu=cortex-m3 -std=gnu11 -g3 -DDEBUG -DUSE_HAL_DRIVER -DSTM32F103x6 -c -I../Core/Inc -I../Drivers/STM32F1xx_HAL_Driver/Inc -I../Drivers/STM32F1xx_HAL_Driver/Inc/Legacy -I../Drivers/CMSIS/Device/ST/STM32F1xx/Include -I../Drivers/CMSIS/Include -O0 -ffunction-sections -fdata-sections -Wall -fstack-usage -MMD -MP -MF"Drivers/STM32F1xx_HAL_Driver/Src/stm32f1xx_hal_gpio.d" -MT"Drivers/STM32F1xx_HAL_Driver/Src/stm32f1xx_hal_gpio.o" --specs=nano.specs -mfloat-abi=soft -mthumb -o "Drivers/STM32F1xx_HAL_Driver/Src/stm32f1xx_hal_gpio.o"
arm-none-eabi-gcc "../Drivers/STM32F1xx_HAL_Driver/Src/stm32f1xx_hal_gpio_ex.c" -mcpu=cortex-m3 -std=gnu11 -g3 -DDEBUG -DUSE_HAL_DRIVER -DSTM32F103x6 -c -I../Core/Inc -I../Drivers/STM32F1xx_HAL_Driver/Inc -I../Drivers/STM32F1xx_HAL_Driver/Inc/Legacy -I../Drivers/CMSIS/Device/ST/STM32F1xx/Include -I../Drivers/CMSIS/Include -O0 -ffunction-sections -fdata-sections -Wall -fstack-usage -MMD -MP -MF"Drivers/STM32F1xx_HAL_Driver/Src/stm32f1xx_hal_gpio_ex.d" -MT"Drivers/STM32F1xx_HAL_Driver/Src/stm32f1xx_hal_gpio_ex.o" --specs=nano.specs -mfloat-abi=soft -mthumb -o "Drivers/STM32F1xx_HAL_Driver/Src/stm32f1xx_hal_gpio_ex.o"
arm-none-eabi-gcc "../Drivers/STM32F1xx_HAL_Driver/Src/stm32f1xx_hal_pwr.c" -mcpu=cortex-m3 -std=gnu11 -g3 -DDEBUG -DUSE_HAL_DRIVER -DSTM32F103x6 -c -I../Core/Inc -I../Drivers/STM32F1xx_HAL_Driver/Inc -I../Drivers/STM32F1xx_HAL_Driver/Inc/Legacy -I../Drivers/CMSIS/Device/ST/STM32F1xx/Include -I../Drivers/CMSIS/Include -O0 -ffunction-sections -fdata-sections -Wall -fstack-usage -MMD -MP -MF"Drivers/STM32F1xx_HAL_Driver/Src/stm32f1xx_hal_pwr.d" -MT"Drivers/STM32F1xx_HAL_Driver/Src/stm32f1xx_hal_pwr.o" --specs=nano.specs -mfloat-abi=soft -mthumb -o "Drivers/STM32F1xx_HAL_Driver/Src/stm32f1xx_hal_pwr.o"
arm-none-eabi-gcc "../Drivers/STM32F1xx_HAL_Driver/Src/stm32f1xx_hal_rcc.c" -mcpu=cortex-m3 -std=gnu11 -g3 -DDEBUG -DUSE_HAL_DRIVER -DSTM32F103x6 -c -I../Core/Inc -I../Drivers/STM32F1xx_HAL_Driver/Inc -I../Drivers/STM32F1xx_HAL_Driver/Inc/Legacy -I../Drivers/CMSIS/Device/ST/STM32F1xx/Include -I../Drivers/CMSIS/Include -O0 -ffunction-sections -fdata-sections -Wall -fstack-usage -MMD -MP -MF"Drivers/STM32F1xx_HAL_Driver/Src/stm32f1xx_hal_rcc.d" -MT"Drivers/STM32F1xx_HAL_Driver/Src/stm32f1xx_hal_rcc.o" --specs=nano.specs -mfloat-abi=soft -mthumb -o "Drivers/STM32F1xx_HAL_Driver/Src/stm32f1xx_hal_rcc.o"
arm-none-eabi-gcc "../Drivers/STM32F1xx_HAL_Driver/Src/stm32f1xx_hal_rcc_ex.c" -mcpu=cortex-m3 -std=gnu11 -g3 -DDEBUG -DUSE_HAL_DRIVER -DSTM32F103x6 -c -I../Core/Inc -I../Drivers/STM32F1xx_HAL_Driver/Inc -I../Drivers/STM32F1xx_HAL_Driver/Inc/Legacy -I../Drivers/CMSIS/Device/ST/STM32F1xx/Include -I../Drivers/CMSIS/Include -O0 -ffunction-sections -fdata-sections -Wall -fstack-usage -MMD -MP -MF"Drivers/STM32F1xx_HAL_Driver/Src/stm32f1xx_hal_rcc_ex.d" -MT"Drivers/STM32F1xx_HAL_Driver/Src/stm32f1xx_hal_rcc_ex.o" --specs=nano.specs -mfloat-abi=soft -mthumb -o "Drivers/STM32F1xx_HAL_Driver/Src/stm32f1xx_hal_rcc_ex.o"
arm-none-eabi-gcc "../Drivers/STM32F1xx_HAL_Driver/Src/stm32f1xx_hal_tim.c" -mcpu=cortex-m3 -std=gnu11 -g3 -DDEBUG -DUSE_HAL_DRIVER -DSTM32F103x6 -c -I../Core/Inc -I../Drivers/STM32F1xx_HAL_Driver/Inc -I../Drivers/STM32F1xx_HAL_Driver/Inc/Legacy -I../Drivers/CMSIS/Device/ST/STM32F1xx/Include -I../Drivers/CMSIS/Include -O0 -ffunction-sections -fdata-sections -Wall -fstack-usage -MMD -MP -MF"Drivers/STM32F1xx_HAL_Driver/Src/stm32f1xx_hal_tim.d" -MT"Drivers/STM32F1xx_HAL_Driver/Src/stm32f1xx_hal_tim.o" --specs=nano.specs -mfloat-abi=soft -mthumb -o "Drivers/STM32F1xx_HAL_Driver/Src/stm32f1xx_hal_tim.o"
arm-none-eabi-gcc "../Drivers/STM32F1xx_HAL_Driver/Src/stm32f1xx_hal_tim_ex.c" -mcpu=cortex-m3 -std=gnu11 -g3 -DDEBUG -DUSE_HAL_DRIVER -DSTM32F103x6 -c -I../Core/Inc -I../Drivers/STM32F1xx_HAL_Driver/Inc -I../Drivers/STM32F1xx_HAL_Driver/Inc/Legacy -I../Drivers/CMSIS/Device/ST/STM32F1xx/Include -I../Drivers/CMSIS/Include -O0 -ffunction-sections -fdata-sections -Wall -fstack-usage -MMD -MP -MF"Drivers/STM32F1xx_HAL_Driver/Src/stm32f1xx_hal_tim_ex.d" -MT"Drivers/STM32F1xx_HAL_Driver/Src/stm32f1xx_hal_tim_ex.o" --specs=nano.specs -mfloat-abi=soft -mthumb -o "Drivers/STM32F1xx_HAL_Driver/Src/stm32f1xx_hal_tim_ex.o"
arm-none-eabi-gcc "../Core/Src/main.c" -mcpu=cortex-m3 -std=gnu11 -g3 -DDEBUG -DUSE_HAL_DRIVER -DSTM32F103x6 -c -I../Core/Inc -I../Drivers/STM32F1xx_HAL_Driver/Inc -I../Drivers/STM32F1xx_HAL_Driver/Inc/Legacy -I../Drivers/CMSIS/Device/ST/STM32F1xx/Include -I../Drivers/CMSIS/Include -O0 -ffunction-sections -fdata-sections -Wall -fstack-usage -MMD -MP -MF"Core/Src/main.d" -MT"Core/Src/main.o" --specs=nano.specs -mfloat-abi=soft -mthumb -o "Core/Src/main.o"
arm-none-eabi-gcc "../Core/Src/stm32f1xx_hal_msp.c" -mcpu=cortex-m3 -std=gnu11 -g3 -DDEBUG -DUSE_HAL_DRIVER -DSTM32F103x6 -c -I../Core/Inc -I../Drivers/STM32F1xx_HAL_Driver/Inc -I../Drivers/STM32F1xx_HAL_Driver/Inc/Legacy -I../Drivers/CMSIS/Device/ST/STM32F1xx/Include -I../Drivers/CMSIS/Include -O0 -ffunction-sections -fdata-sections -Wall -fstack-usage -MMD -MP -MF"Core/Src/stm32f1xx_hal_msp.d" -MT"Core/Src/stm32f1xx_hal_msp.o" --specs=nano.specs -mfloat-abi=soft -mthumb -o "Core/Src/stm32f1xx_hal_msp.o"
arm-none-eabi-gcc "../Core/Src/stm32f1xx_it.c" -mcpu=cortex-m3 -std=gnu11 -g3 -DDEBUG -DUSE_HAL_DRIVER -DSTM32F103x6 -c -I../Core/Inc -I../Drivers/STM32F1xx_HAL_Driver/Inc -I../Drivers/STM32F1xx_HAL_Driver/Inc/Legacy -I../Drivers/CMSIS/Device/ST/STM32F1xx/Include -I../Drivers/CMSIS/Include -O0 -ffunction-sections -fdata-sections -Wall -fstack-usage -MMD -MP -MF"Core/Src/stm32f1xx_it.d" -MT"Core/Src/stm32f1xx_it.o" --specs=nano.specs -mfloat-abi=soft -mthumb -o "Core/Src/stm32f1xx_it.o"
arm-none-eabi-gcc "../Core/Src/system_stm32f1xx.c" -mcpu=cortex-m3 -std=gnu11 -g3 -DDEBUG -DUSE_HAL_DRIVER -DSTM32F103x6 -c -I../Core/Inc -I../Drivers/STM32F1xx_HAL_Driver/Inc -I../Drivers/STM32F1xx_HAL_Driver/Inc/Legacy -I../Drivers/CMSIS/Device/ST/STM32F1xx/Include -I../Drivers/CMSIS/Include -O0 -ffunction-sections -fdata-sections -Wall -fstack-usage -MMD -MP -MF"Core/Src/system_stm32f1xx.d" -MT"Core/Src/system_stm32f1xx.o" --specs=nano.specs -mfloat-abi=soft -mthumb -o "Core/Src/system_stm32f1xx.o"
arm-none-eabi-gcc -o "Excercise_5.elf" @"objects.list"   -mcpu=cortex-m3 -T"C:\Users\DELL\Microprocessors-Microcontrollers-Lab\Lab_1\Lab_1_STM32\Excercise_5\STM32F103C6UX_FLASH.ld" --specs=nosys.specs -Wl,-Map="Excercise_5.map" -Wl,--gc-sections -static --specs=nano.specs -mfloat-abi=soft -mthumb -Wl,--start-group -lc -lm -Wl,--end-group
Finished building target: Excercise_5.elf
 
arm-none-eabi-size   Excercise_5.elf 
arm-none-eabi-objdump -h -S  Excercise_5.elf  > "Excercise_5.list"
arm-none-eabi-objcopy  -O ihex  Excercise_5.elf  "Excercise_5.hex"
   text	   data	    bss	    dec	    hex	filename
   5136	     20	   1572	   6728	   1a48	Excercise_5.elf
arm-none-eabi-objcopy  -O binary  Excercise_5.elf  "Excercise_5.bin"
Finished building: default.size.stdout
 
Finished building: Excercise_5.hex
Finished building: Excercise_5.bin
Finished building: Excercise_5.list
 
 
 
15:46:08 **** Incremental Build of configuration Debug for project Excercise_5 ****
make -j12 all 
arm-none-eabi-gcc "../Core/Src/main.c" -mcpu=cortex-m3 -std=gnu11 -g3 -DDEBUG -DUSE_HAL_DRIVER -DSTM32F103x6 -c -I../Core/Inc -I../Drivers/STM32F1xx_HAL_Driver/Inc -I../Drivers/STM32F1xx_HAL_Driver/Inc/Legacy -I../Drivers/CMSIS/Device/ST/STM32F1xx/Include -I../Drivers/CMSIS/Include -O0 -ffunction-sections -fdata-sections -Wall -fstack-usage -MMD -MP -MF"Core/Src/main.d" -MT"Core/Src/main.o" --specs=nano.specs -mfloat-abi=soft -mthumb -o "Core/Src/main.o"
arm-none-eabi-gcc -o "Excercise_5.elf" @"objects.list"   -mcpu=cortex-m3 -T"C:\Users\DELL\Microprocessors-Microcontrollers-Lab\Lab_1\Lab_1_STM32\Excercise_5\STM32F103C6UX_FLASH.ld" --specs=nosys.specs -Wl,-Map="Excercise_5.map" -Wl,--gc-sections -static --specs=nano.specs -mfloat-abi=soft -mthumb -Wl,--start-group -lc -lm -Wl,--end-group
Finished building target: Excercise_5.elf
 
arm-none-eabi-size   Excercise_5.elf 
arm-none-eabi-objdump -h -S  Excercise_5.elf  > "Excercise_5.list"
arm-none-eabi-objcopy  -O ihex  Excercise_5.elf  "Excercise_5.hex"
   text	   data	    bss	    dec	    hex	filename
   5136	     20	   1572	   6728	   1a48	Excercise_5.elf
arm-none-eabi-objcopy  -O binary  Excercise_5.elf  "Excercise_5.bin"
Finished building: default.size.stdout
 
Finished building: Excercise_5.hex
Finished building: Excercise_5.list
Finished building: Excercise_5.bin
 
 
 
15:52:59 **** Incremental Build of configuration Debug for project Excercise_5 ****
make -j12 all 
arm-none-eabi-gcc "../Core/Src/main.c" -mcpu=cortex-m3 -std=gnu11 -g3 -DDEBUG -DUSE_HAL_DRIVER -DSTM32F103x6 -c -I../Core/Inc -I../Drivers/STM32F1xx_HAL_Driver/Inc -I../Drivers/STM32F1xx_HAL_Driver/Inc/Legacy -I../Drivers/CMSIS/Device/ST/STM32F1xx/Include -I../Drivers/CMSIS/Include -O0 -ffunction-sections -fdata-sections -Wall -fstack-usage -MMD -MP -MF"Core/Src/main.d" -MT"Core/Src/main.o" --specs=nano.specs -mfloat-abi=soft -mthumb -o "Core/Src/main.o"
../Core/Src/main.c: In function 'main':
../Core/Src/main.c:80:21: error: 'LED_GREEN1_GPIO_Port' undeclared (first use in this function); did you mean 'RED_LED_H_GPIO_Port'?
   80 |   HAL_GPIO_WritePin(LED_GREEN1_GPIO_Port,  LED_GREEN1_Pin,  GPIO_PIN_RESET); // ON
      |                     ^~~~~~~~~~~~~~~~~~~~
      |                     RED_LED_H_GPIO_Port
../Core/Src/main.c:80:21: note: each undeclared identifier is reported only once for each function it appears in
../Core/Src/main.c:80:44: error: 'LED_GREEN1_Pin' undeclared (first use in this function)
   80 |   HAL_GPIO_WritePin(LED_GREEN1_GPIO_Port,  LED_GREEN1_Pin,  GPIO_PIN_RESET); // ON
      |                                            ^~~~~~~~~~~~~~
../Core/Src/main.c:81:21: error: 'LED_YELLOW1_GPIO_Port' undeclared (first use in this function); did you mean 'RED_LED_H_GPIO_Port'?
   81 |   HAL_GPIO_WritePin(LED_YELLOW1_GPIO_Port, LED_YELLOW1_Pin, GPIO_PIN_SET);   // OFF
      |                     ^~~~~~~~~~~~~~~~~~~~~
      |                     RED_LED_H_GPIO_Port
../Core/Src/main.c:81:44: error: 'LED_YELLOW1_Pin' undeclared (first use in this function)
   81 |   HAL_GPIO_WritePin(LED_YELLOW1_GPIO_Port, LED_YELLOW1_Pin, GPIO_PIN_SET);   // OFF
      |                                            ^~~~~~~~~~~~~~~
../Core/Src/main.c:82:21: error: 'LED_RED1_GPIO_Port' undeclared (first use in this function); did you mean 'RED_LED_H_GPIO_Port'?
   82 |   HAL_GPIO_WritePin(LED_RED1_GPIO_Port,    LED_RED1_Pin,    GPIO_PIN_SET);   // OFF
      |                     ^~~~~~~~~~~~~~~~~~
      |                     RED_LED_H_GPIO_Port
../Core/Src/main.c:82:44: error: 'LED_RED1_Pin' undeclared (first use in this function); did you mean 'RED_LED_V_Pin'?
   82 |   HAL_GPIO_WritePin(LED_RED1_GPIO_Port,    LED_RED1_Pin,    GPIO_PIN_SET);   // OFF
      |                                            ^~~~~~~~~~~~
      |                                            RED_LED_V_Pin
../Core/Src/main.c:84:21: error: 'LED_GREEN2_GPIO_Port' undeclared (first use in this function); did you mean 'RED_LED_H_GPIO_Port'?
   84 |   HAL_GPIO_WritePin(LED_GREEN2_GPIO_Port,  LED_GREEN2_Pin,  GPIO_PIN_SET);   // OFF
      |                     ^~~~~~~~~~~~~~~~~~~~
      |                     RED_LED_H_GPIO_Port
../Core/Src/main.c:84:44: error: 'LED_GREEN2_Pin' undeclared (first use in this function)
   84 |   HAL_GPIO_WritePin(LED_GREEN2_GPIO_Port,  LED_GREEN2_Pin,  GPIO_PIN_SET);   // OFF
      |                                            ^~~~~~~~~~~~~~
../Core/Src/main.c:85:21: error: 'LED_YELLOW2_GPIO_Port' undeclared (first use in this function); did you mean 'RED_LED_H_GPIO_Port'?
   85 |   HAL_GPIO_WritePin(LED_YELLOW2_GPIO_Port, LED_YELLOW2_Pin, GPIO_PIN_SET);   // OFF
      |                     ^~~~~~~~~~~~~~~~~~~~~
      |                     RED_LED_H_GPIO_Port
../Core/Src/main.c:85:44: error: 'LED_YELLOW2_Pin' undeclared (first use in this function)
   85 |   HAL_GPIO_WritePin(LED_YELLOW2_GPIO_Port, LED_YELLOW2_Pin, GPIO_PIN_SET);   // OFF
      |                                            ^~~~~~~~~~~~~~~
../Core/Src/main.c:86:21: error: 'LED_RED2_GPIO_Port' undeclared (first use in this function); did you mean 'RED_LED_H_GPIO_Port'?
   86 |   HAL_GPIO_WritePin(LED_RED2_GPIO_Port,    LED_RED2_Pin,    GPIO_PIN_RESET); // ON
      |                     ^~~~~~~~~~~~~~~~~~
      |                     RED_LED_H_GPIO_Port
../Core/Src/main.c:86:44: error: 'LED_RED2_Pin' undeclared (first use in this function); did you mean 'RED_LED_V_Pin'?
   86 |   HAL_GPIO_WritePin(LED_RED2_GPIO_Port,    LED_RED2_Pin,    GPIO_PIN_RESET); // ON
      |                                            ^~~~~~~~~~~~
      |                                            RED_LED_V_Pin
../Core/Src/main.c:102:9: warning: implicit declaration of function 'countdownSEG'; did you mean 'countSEG'? [-Wimplicit-function-declaration]
  102 |         countdownSEG(2); // Countdown 2 -> 0 (3 seconds)
      |         ^~~~~~~~~~~~
      |         countSEG
../Core/Src/main.c: At top level:
../Core/Src/main.c:127:1: error: expected identifier or '(' before '}' token
  127 | }
      | ^
../Core/Src/main.c:230:6: warning: conflicting types for 'countdownSEG'
  230 | void countdownSEG(uint8_t num) {
      |      ^~~~~~~~~~~~
../Core/Src/main.c:102:9: note: previous implicit declaration of 'countdownSEG' was here
  102 |         countdownSEG(2); // Countdown 2 -> 0 (3 seconds)
      |         ^~~~~~~~~~~~
make: *** [Core/Src/subdir.mk:34: Core/Src/main.o] Error 1
"make -j12 all" terminated with exit code 2. Build might be incomplete.
15:53:47 **** Incremental Build of configuration Debug for project Excercise_5 ****
make -j12 all 
arm-none-eabi-gcc "../Core/Src/main.c" -mcpu=cortex-m3 -std=gnu11 -g3 -DDEBUG -DUSE_HAL_DRIVER -DSTM32F103x6 -c -I../Core/Inc -I../Drivers/STM32F1xx_HAL_Driver/Inc -I../Drivers/STM32F1xx_HAL_Driver/Inc/Legacy -I../Drivers/CMSIS/Device/ST/STM32F1xx/Include -I../Drivers/CMSIS/Include -O0 -ffunction-sections -fdata-sections -Wall -fstack-usage -MMD -MP -MF"Core/Src/main.d" -MT"Core/Src/main.o" --specs=nano.specs -mfloat-abi=soft -mthumb -o "Core/Src/main.o"
../Core/Src/main.c:120:1: error: expected identifier or '(' before '}' token
  120 | }
      | ^
make: *** [Core/Src/subdir.mk:34: Core/Src/main.o] Error 1
"make -j12 all" terminated with exit code 2. Build might be incomplete.
15:54:04 **** Incremental Build of configuration Debug for project Excercise_5 ****
make -j12 all 
arm-none-eabi-gcc "../Core/Src/main.c" -mcpu=cortex-m3 -std=gnu11 -g3 -DDEBUG -DUSE_HAL_DRIVER -DSTM32F103x6 -c -I../Core/Inc -I../Drivers/STM32F1xx_HAL_Driver/Inc -I../Drivers/STM32F1xx_HAL_Driver/Inc/Legacy -I../Drivers/CMSIS/Device/ST/STM32F1xx/Include -I../Drivers/CMSIS/Include -O0 -ffunction-sections -fdata-sections -Wall -fstack-usage -MMD -MP -MF"Core/Src/main.d" -MT"Core/Src/main.o" --specs=nano.specs -mfloat-abi=soft -mthumb -o "Core/Src/main.o"
arm-none-eabi-gcc -o "Excercise_5.elf" @"objects.list"   -mcpu=cortex-m3 -T"C:\Users\DELL\Microprocessors-Microcontrollers-Lab\Lab_1\Lab_1_STM32\Excercise_5\STM32F103C6UX_FLASH.ld" --specs=nosys.specs -Wl,-Map="Excercise_5.map" -Wl,--gc-sections -static --specs=nano.specs -mfloat-abi=soft -mthumb -Wl,--start-group -lc -lm -Wl,--end-group
Finished building target: Excercise_5.elf
 
arm-none-eabi-size   Excercise_5.elf 
arm-none-eabi-objdump -h -S  Excercise_5.elf  > "Excercise_5.list"
arm-none-eabi-objcopy  -O ihex  Excercise_5.elf  "Excercise_5.hex"
   text	   data	    bss	    dec	    hex	filename
   5212	     20	   1572	   6804	   1a94	Excercise_5.elf
arm-none-eabi-objcopy  -O binary  Excercise_5.elf  "Excercise_5.bin"
Finished building: default.size.stdout
 
Finished building: Excercise_5.hex
Finished building: Excercise_5.list
Finished building: Excercise_5.bin
 
 
 
15:56:12 **** Incremental Build of configuration Debug for project Excercise_5 ****
make -j12 all 
arm-none-eabi-gcc "../Core/Src/main.c" -mcpu=cortex-m3 -std=gnu11 -g3 -DDEBUG -DUSE_HAL_DRIVER -DSTM32F103x6 -c -I../Core/Inc -I../Drivers/STM32F1xx_HAL_Driver/Inc -I../Drivers/STM32F1xx_HAL_Driver/Inc/Legacy -I../Drivers/CMSIS/Device/ST/STM32F1xx/Include -I../Drivers/CMSIS/Include -O0 -ffunction-sections -fdata-sections -Wall -fstack-usage -MMD -MP -MF"Core/Src/main.d" -MT"Core/Src/main.o" --specs=nano.specs -mfloat-abi=soft -mthumb -o "Core/Src/main.o"
arm-none-eabi-gcc -o "Excercise_5.elf" @"objects.list"   -mcpu=cortex-m3 -T"C:\Users\DELL\Microprocessors-Microcontrollers-Lab\Lab_1\Lab_1_STM32\Excercise_5\STM32F103C6UX_FLASH.ld" --specs=nosys.specs -Wl,-Map="Excercise_5.map" -Wl,--gc-sections -static --specs=nano.specs -mfloat-abi=soft -mthumb -Wl,--start-group -lc -lm -Wl,--end-group
Finished building target: Excercise_5.elf
 
arm-none-eabi-size   Excercise_5.elf 
arm-none-eabi-objdump -h -S  Excercise_5.elf  > "Excercise_5.list"
arm-none-eabi-objcopy  -O ihex  Excercise_5.elf  "Excercise_5.hex"
   text	   data	    bss	    dec	    hex	filename
   5260	     20	   1572	   6852	   1ac4	Excercise_5.elf
arm-none-eabi-objcopy  -O binary  Excercise_5.elf  "Excercise_5.bin"
Finished building: default.size.stdout
 
Finished building: Excercise_5.hex
Finished building: Excercise_5.list
Finished building: Excercise_5.bin
 
 
 
15:58:16 **** Incremental Build of configuration Debug for project Excercise_5 ****
make -j12 all 
arm-none-eabi-gcc "../Core/Src/main.c" -mcpu=cortex-m3 -std=gnu11 -g3 -DDEBUG -DUSE_HAL_DRIVER -DSTM32F103x6 -c -I../Core/Inc -I../Drivers/STM32F1xx_HAL_Driver/Inc -I../Drivers/STM32F1xx_HAL_Driver/Inc/Legacy -I../Drivers/CMSIS/Device/ST/STM32F1xx/Include -I../Drivers/CMSIS/Include -O0 -ffunction-sections -fdata-sections -Wall -fstack-usage -MMD -MP -MF"Core/Src/main.d" -MT"Core/Src/main.o" --specs=nano.specs -mfloat-abi=soft -mthumb -o "Core/Src/main.o"
arm-none-eabi-gcc -o "Excercise_5.elf" @"objects.list"   -mcpu=cortex-m3 -T"C:\Users\DELL\Microprocessors-Microcontrollers-Lab\Lab_1\Lab_1_STM32\Excercise_5\STM32F103C6UX_FLASH.ld" --specs=nosys.specs -Wl,-Map="Excercise_5.map" -Wl,--gc-sections -static --specs=nano.specs -mfloat-abi=soft -mthumb -Wl,--start-group -lc -lm -Wl,--end-group
Finished building target: Excercise_5.elf
 
arm-none-eabi-size   Excercise_5.elf 
arm-none-eabi-objdump -h -S  Excercise_5.elf  > "Excercise_5.list"
arm-none-eabi-objcopy  -O ihex  Excercise_5.elf  "Excercise_5.hex"
   text	   data	    bss	    dec	    hex	filename
   5256	     20	   1572	   6848	   1ac0	Excercise_5.elf
arm-none-eabi-objcopy  -O binary  Excercise_5.elf  "Excercise_5.bin"
Finished building: default.size.stdout
 
Finished building: Excercise_5.hex
Finished building: Excercise_5.list
Finished building: Excercise_5.bin
 
 
 
16:11:45 **** Build of configuration Debug for project Exercise_6 ****
make -j12 all 
arm-none-eabi-gcc "../Drivers/STM32F1xx_HAL_Driver/Src/stm32f1xx_hal.c" -mcpu=cortex-m3 -std=gnu11 -g3 -DDEBUG -DUSE_HAL_DRIVER -DSTM32F103x6 -c -I../Core/Inc -I../Drivers/STM32F1xx_HAL_Driver/Inc -I../Drivers/STM32F1xx_HAL_Driver/Inc/Legacy -I../Drivers/CMSIS/Device/ST/STM32F1xx/Include -I../Drivers/CMSIS/Include -O0 -ffunction-sections -fdata-sections -Wall -fstack-usage -MMD -MP -MF"Drivers/STM32F1xx_HAL_Driver/Src/stm32f1xx_hal.d" -MT"Drivers/STM32F1xx_HAL_Driver/Src/stm32f1xx_hal.o" --specs=nano.specs -mfloat-abi=soft -mthumb -o "Drivers/STM32F1xx_HAL_Driver/Src/stm32f1xx_hal.o"
arm-none-eabi-gcc "../Drivers/STM32F1xx_HAL_Driver/Src/stm32f1xx_hal_cortex.c" -mcpu=cortex-m3 -std=gnu11 -g3 -DDEBUG -DUSE_HAL_DRIVER -DSTM32F103x6 -c -I../Core/Inc -I../Drivers/STM32F1xx_HAL_Driver/Inc -I../Drivers/STM32F1xx_HAL_Driver/Inc/Legacy -I../Drivers/CMSIS/Device/ST/STM32F1xx/Include -I../Drivers/CMSIS/Include -O0 -ffunction-sections -fdata-sections -Wall -fstack-usage -MMD -MP -MF"Drivers/STM32F1xx_HAL_Driver/Src/stm32f1xx_hal_cortex.d" -MT"Drivers/STM32F1xx_HAL_Driver/Src/stm32f1xx_hal_cortex.o" --specs=nano.specs -mfloat-abi=soft -mthumb -o "Drivers/STM32F1xx_HAL_Driver/Src/stm32f1xx_hal_cortex.o"
arm-none-eabi-gcc "../Drivers/STM32F1xx_HAL_Driver/Src/stm32f1xx_hal_dma.c" -mcpu=cortex-m3 -std=gnu11 -g3 -DDEBUG -DUSE_HAL_DRIVER -DSTM32F103x6 -c -I../Core/Inc -I../Drivers/STM32F1xx_HAL_Driver/Inc -I../Drivers/STM32F1xx_HAL_Driver/Inc/Legacy -I../Drivers/CMSIS/Device/ST/STM32F1xx/Include -I../Drivers/CMSIS/Include -O0 -ffunction-sections -fdata-sections -Wall -fstack-usage -MMD -MP -MF"Drivers/STM32F1xx_HAL_Driver/Src/stm32f1xx_hal_dma.d" -MT"Drivers/STM32F1xx_HAL_Driver/Src/stm32f1xx_hal_dma.o" --specs=nano.specs -mfloat-abi=soft -mthumb -o "Drivers/STM32F1xx_HAL_Driver/Src/stm32f1xx_hal_dma.o"
arm-none-eabi-gcc "../Drivers/STM32F1xx_HAL_Driver/Src/stm32f1xx_hal_exti.c" -mcpu=cortex-m3 -std=gnu11 -g3 -DDEBUG -DUSE_HAL_DRIVER -DSTM32F103x6 -c -I../Core/Inc -I../Drivers/STM32F1xx_HAL_Driver/Inc -I../Drivers/STM32F1xx_HAL_Driver/Inc/Legacy -I../Drivers/CMSIS/Device/ST/STM32F1xx/Include -I../Drivers/CMSIS/Include -O0 -ffunction-sections -fdata-sections -Wall -fstack-usage -MMD -MP -MF"Drivers/STM32F1xx_HAL_Driver/Src/stm32f1xx_hal_exti.d" -MT"Drivers/STM32F1xx_HAL_Driver/Src/stm32f1xx_hal_exti.o" --specs=nano.specs -mfloat-abi=soft -mthumb -o "Drivers/STM32F1xx_HAL_Driver/Src/stm32f1xx_hal_exti.o"
arm-none-eabi-gcc "../Drivers/STM32F1xx_HAL_Driver/Src/stm32f1xx_hal_flash.c" -mcpu=cortex-m3 -std=gnu11 -g3 -DDEBUG -DUSE_HAL_DRIVER -DSTM32F103x6 -c -I../Core/Inc -I../Drivers/STM32F1xx_HAL_Driver/Inc -I../Drivers/STM32F1xx_HAL_Driver/Inc/Legacy -I../Drivers/CMSIS/Device/ST/STM32F1xx/Include -I../Drivers/CMSIS/Include -O0 -ffunction-sections -fdata-sections -Wall -fstack-usage -MMD -MP -MF"Drivers/STM32F1xx_HAL_Driver/Src/stm32f1xx_hal_flash.d" -MT"Drivers/STM32F1xx_HAL_Driver/Src/stm32f1xx_hal_flash.o" --specs=nano.specs -mfloat-abi=soft -mthumb -o "Drivers/STM32F1xx_HAL_Driver/Src/stm32f1xx_hal_flash.o"
arm-none-eabi-gcc "../Drivers/STM32F1xx_HAL_Driver/Src/stm32f1xx_hal_flash_ex.c" -mcpu=cortex-m3 -std=gnu11 -g3 -DDEBUG -DUSE_HAL_DRIVER -DSTM32F103x6 -c -I../Core/Inc -I../Drivers/STM32F1xx_HAL_Driver/Inc -I../Drivers/STM32F1xx_HAL_Driver/Inc/Legacy -I../Drivers/CMSIS/Device/ST/STM32F1xx/Include -I../Drivers/CMSIS/Include -O0 -ffunction-sections -fdata-sections -Wall -fstack-usage -MMD -MP -MF"Drivers/STM32F1xx_HAL_Driver/Src/stm32f1xx_hal_flash_ex.d" -MT"Drivers/STM32F1xx_HAL_Driver/Src/stm32f1xx_hal_flash_ex.o" --specs=nano.specs -mfloat-abi=soft -mthumb -o "Drivers/STM32F1xx_HAL_Driver/Src/stm32f1xx_hal_flash_ex.o"
arm-none-eabi-gcc "../Drivers/STM32F1xx_HAL_Driver/Src/stm32f1xx_hal_gpio.c" -mcpu=cortex-m3 -std=gnu11 -g3 -DDEBUG -DUSE_HAL_DRIVER -DSTM32F103x6 -c -I../Core/Inc -I../Drivers/STM32F1xx_HAL_Driver/Inc -I../Drivers/STM32F1xx_HAL_Driver/Inc/Legacy -I../Drivers/CMSIS/Device/ST/STM32F1xx/Include -I../Drivers/CMSIS/Include -O0 -ffunction-sections -fdata-sections -Wall -fstack-usage -MMD -MP -MF"Drivers/STM32F1xx_HAL_Driver/Src/stm32f1xx_hal_gpio.d" -MT"Drivers/STM32F1xx_HAL_Driver/Src/stm32f1xx_hal_gpio.o" --specs=nano.specs -mfloat-abi=soft -mthumb -o "Drivers/STM32F1xx_HAL_Driver/Src/stm32f1xx_hal_gpio.o"
arm-none-eabi-gcc "../Drivers/STM32F1xx_HAL_Driver/Src/stm32f1xx_hal_gpio_ex.c" -mcpu=cortex-m3 -std=gnu11 -g3 -DDEBUG -DUSE_HAL_DRIVER -DSTM32F103x6 -c -I../Core/Inc -I../Drivers/STM32F1xx_HAL_Driver/Inc -I../Drivers/STM32F1xx_HAL_Driver/Inc/Legacy -I../Drivers/CMSIS/Device/ST/STM32F1xx/Include -I../Drivers/CMSIS/Include -O0 -ffunction-sections -fdata-sections -Wall -fstack-usage -MMD -MP -MF"Drivers/STM32F1xx_HAL_Driver/Src/stm32f1xx_hal_gpio_ex.d" -MT"Drivers/STM32F1xx_HAL_Driver/Src/stm32f1xx_hal_gpio_ex.o" --specs=nano.specs -mfloat-abi=soft -mthumb -o "Drivers/STM32F1xx_HAL_Driver/Src/stm32f1xx_hal_gpio_ex.o"
arm-none-eabi-gcc "../Drivers/STM32F1xx_HAL_Driver/Src/stm32f1xx_hal_pwr.c" -mcpu=cortex-m3 -std=gnu11 -g3 -DDEBUG -DUSE_HAL_DRIVER -DSTM32F103x6 -c -I../Core/Inc -I../Drivers/STM32F1xx_HAL_Driver/Inc -I../Drivers/STM32F1xx_HAL_Driver/Inc/Legacy -I../Drivers/CMSIS/Device/ST/STM32F1xx/Include -I../Drivers/CMSIS/Include -O0 -ffunction-sections -fdata-sections -Wall -fstack-usage -MMD -MP -MF"Drivers/STM32F1xx_HAL_Driver/Src/stm32f1xx_hal_pwr.d" -MT"Drivers/STM32F1xx_HAL_Driver/Src/stm32f1xx_hal_pwr.o" --specs=nano.specs -mfloat-abi=soft -mthumb -o "Drivers/STM32F1xx_HAL_Driver/Src/stm32f1xx_hal_pwr.o"
arm-none-eabi-gcc "../Drivers/STM32F1xx_HAL_Driver/Src/stm32f1xx_hal_rcc.c" -mcpu=cortex-m3 -std=gnu11 -g3 -DDEBUG -DUSE_HAL_DRIVER -DSTM32F103x6 -c -I../Core/Inc -I../Drivers/STM32F1xx_HAL_Driver/Inc -I../Drivers/STM32F1xx_HAL_Driver/Inc/Legacy -I../Drivers/CMSIS/Device/ST/STM32F1xx/Include -I../Drivers/CMSIS/Include -O0 -ffunction-sections -fdata-sections -Wall -fstack-usage -MMD -MP -MF"Drivers/STM32F1xx_HAL_Driver/Src/stm32f1xx_hal_rcc.d" -MT"Drivers/STM32F1xx_HAL_Driver/Src/stm32f1xx_hal_rcc.o" --specs=nano.specs -mfloat-abi=soft -mthumb -o "Drivers/STM32F1xx_HAL_Driver/Src/stm32f1xx_hal_rcc.o"
arm-none-eabi-gcc "../Drivers/STM32F1xx_HAL_Driver/Src/stm32f1xx_hal_rcc_ex.c" -mcpu=cortex-m3 -std=gnu11 -g3 -DDEBUG -DUSE_HAL_DRIVER -DSTM32F103x6 -c -I../Core/Inc -I../Drivers/STM32F1xx_HAL_Driver/Inc -I../Drivers/STM32F1xx_HAL_Driver/Inc/Legacy -I../Drivers/CMSIS/Device/ST/STM32F1xx/Include -I../Drivers/CMSIS/Include -O0 -ffunction-sections -fdata-sections -Wall -fstack-usage -MMD -MP -MF"Drivers/STM32F1xx_HAL_Driver/Src/stm32f1xx_hal_rcc_ex.d" -MT"Drivers/STM32F1xx_HAL_Driver/Src/stm32f1xx_hal_rcc_ex.o" --specs=nano.specs -mfloat-abi=soft -mthumb -o "Drivers/STM32F1xx_HAL_Driver/Src/stm32f1xx_hal_rcc_ex.o"
arm-none-eabi-gcc "../Drivers/STM32F1xx_HAL_Driver/Src/stm32f1xx_hal_tim.c" -mcpu=cortex-m3 -std=gnu11 -g3 -DDEBUG -DUSE_HAL_DRIVER -DSTM32F103x6 -c -I../Core/Inc -I../Drivers/STM32F1xx_HAL_Driver/Inc -I../Drivers/STM32F1xx_HAL_Driver/Inc/Legacy -I../Drivers/CMSIS/Device/ST/STM32F1xx/Include -I../Drivers/CMSIS/Include -O0 -ffunction-sections -fdata-sections -Wall -fstack-usage -MMD -MP -MF"Drivers/STM32F1xx_HAL_Driver/Src/stm32f1xx_hal_tim.d" -MT"Drivers/STM32F1xx_HAL_Driver/Src/stm32f1xx_hal_tim.o" --specs=nano.specs -mfloat-abi=soft -mthumb -o "Drivers/STM32F1xx_HAL_Driver/Src/stm32f1xx_hal_tim.o"
arm-none-eabi-gcc "../Drivers/STM32F1xx_HAL_Driver/Src/stm32f1xx_hal_tim_ex.c" -mcpu=cortex-m3 -std=gnu11 -g3 -DDEBUG -DUSE_HAL_DRIVER -DSTM32F103x6 -c -I../Core/Inc -I../Drivers/STM32F1xx_HAL_Driver/Inc -I../Drivers/STM32F1xx_HAL_Driver/Inc/Legacy -I../Drivers/CMSIS/Device/ST/STM32F1xx/Include -I../Drivers/CMSIS/Include -O0 -ffunction-sections -fdata-sections -Wall -fstack-usage -MMD -MP -MF"Drivers/STM32F1xx_HAL_Driver/Src/stm32f1xx_hal_tim_ex.d" -MT"Drivers/STM32F1xx_HAL_Driver/Src/stm32f1xx_hal_tim_ex.o" --specs=nano.specs -mfloat-abi=soft -mthumb -o "Drivers/STM32F1xx_HAL_Driver/Src/stm32f1xx_hal_tim_ex.o"
arm-none-eabi-gcc -mcpu=cortex-m3 -g3 -DDEBUG -c -x assembler-with-cpp -MMD -MP -MF"Core/Startup/startup_stm32f103c6ux.d" -MT"Core/Startup/startup_stm32f103c6ux.o" --specs=nano.specs -mfloat-abi=soft -mthumb -o "Core/Startup/startup_stm32f103c6ux.o" "../Core/Startup/startup_stm32f103c6ux.s"
arm-none-eabi-gcc "../Core/Src/main.c" -mcpu=cortex-m3 -std=gnu11 -g3 -DDEBUG -DUSE_HAL_DRIVER -DSTM32F103x6 -c -I../Core/Inc -I../Drivers/STM32F1xx_HAL_Driver/Inc -I../Drivers/STM32F1xx_HAL_Driver/Inc/Legacy -I../Drivers/CMSIS/Device/ST/STM32F1xx/Include -I../Drivers/CMSIS/Include -O0 -ffunction-sections -fdata-sections -Wall -fstack-usage -MMD -MP -MF"Core/Src/main.d" -MT"Core/Src/main.o" --specs=nano.specs -mfloat-abi=soft -mthumb -o "Core/Src/main.o"
arm-none-eabi-gcc "../Core/Src/stm32f1xx_hal_msp.c" -mcpu=cortex-m3 -std=gnu11 -g3 -DDEBUG -DUSE_HAL_DRIVER -DSTM32F103x6 -c -I../Core/Inc -I../Drivers/STM32F1xx_HAL_Driver/Inc -I../Drivers/STM32F1xx_HAL_Driver/Inc/Legacy -I../Drivers/CMSIS/Device/ST/STM32F1xx/Include -I../Drivers/CMSIS/Include -O0 -ffunction-sections -fdata-sections -Wall -fstack-usage -MMD -MP -MF"Core/Src/stm32f1xx_hal_msp.d" -MT"Core/Src/stm32f1xx_hal_msp.o" --specs=nano.specs -mfloat-abi=soft -mthumb -o "Core/Src/stm32f1xx_hal_msp.o"
arm-none-eabi-gcc "../Core/Src/stm32f1xx_it.c" -mcpu=cortex-m3 -std=gnu11 -g3 -DDEBUG -DUSE_HAL_DRIVER -DSTM32F103x6 -c -I../Core/Inc -I../Drivers/STM32F1xx_HAL_Driver/Inc -I../Drivers/STM32F1xx_HAL_Driver/Inc/Legacy -I../Drivers/CMSIS/Device/ST/STM32F1xx/Include -I../Drivers/CMSIS/Include -O0 -ffunction-sections -fdata-sections -Wall -fstack-usage -MMD -MP -MF"Core/Src/stm32f1xx_it.d" -MT"Core/Src/stm32f1xx_it.o" --specs=nano.specs -mfloat-abi=soft -mthumb -o "Core/Src/stm32f1xx_it.o"
arm-none-eabi-gcc "../Core/Src/syscalls.c" -mcpu=cortex-m3 -std=gnu11 -g3 -DDEBUG -DUSE_HAL_DRIVER -DSTM32F103x6 -c -I../Core/Inc -I../Drivers/STM32F1xx_HAL_Driver/Inc -I../Drivers/STM32F1xx_HAL_Driver/Inc/Legacy -I../Drivers/CMSIS/Device/ST/STM32F1xx/Include -I../Drivers/CMSIS/Include -O0 -ffunction-sections -fdata-sections -Wall -fstack-usage -MMD -MP -MF"Core/Src/syscalls.d" -MT"Core/Src/syscalls.o" --specs=nano.specs -mfloat-abi=soft -mthumb -o "Core/Src/syscalls.o"
arm-none-eabi-gcc "../Core/Src/sysmem.c" -mcpu=cortex-m3 -std=gnu11 -g3 -DDEBUG -DUSE_HAL_DRIVER -DSTM32F103x6 -c -I../Core/Inc -I../Drivers/STM32F1xx_HAL_Driver/Inc -I../Drivers/STM32F1xx_HAL_Driver/Inc/Legacy -I../Drivers/CMSIS/Device/ST/STM32F1xx/Include -I../Drivers/CMSIS/Include -O0 -ffunction-sections -fdata-sections -Wall -fstack-usage -MMD -MP -MF"Core/Src/sysmem.d" -MT"Core/Src/sysmem.o" --specs=nano.specs -mfloat-abi=soft -mthumb -o "Core/Src/sysmem.o"
arm-none-eabi-gcc "../Core/Src/system_stm32f1xx.c" -mcpu=cortex-m3 -std=gnu11 -g3 -DDEBUG -DUSE_HAL_DRIVER -DSTM32F103x6 -c -I../Core/Inc -I../Drivers/STM32F1xx_HAL_Driver/Inc -I../Drivers/STM32F1xx_HAL_Driver/Inc/Legacy -I../Drivers/CMSIS/Device/ST/STM32F1xx/Include -I../Drivers/CMSIS/Include -O0 -ffunction-sections -fdata-sections -Wall -fstack-usage -MMD -MP -MF"Core/Src/system_stm32f1xx.d" -MT"Core/Src/system_stm32f1xx.o" --specs=nano.specs -mfloat-abi=soft -mthumb -o "Core/Src/system_stm32f1xx.o"
arm-none-eabi-gcc -o "Exercise_6.elf" @"objects.list"   -mcpu=cortex-m3 -T"C:\Users\DELL\Microprocessors-Microcontrollers-Lab\Lab_1\Lab_1_STM32\Exercise_6\STM32F103C6UX_FLASH.ld" --specs=nosys.specs -Wl,-Map="Exercise_6.map" -Wl,--gc-sections -static --specs=nano.specs -mfloat-abi=soft -mthumb -Wl,--start-group -lc -lm -Wl,--end-group
Finished building target: Exercise_6.elf
 
arm-none-eabi-size   Exercise_6.elf 
arm-none-eabi-objdump -h -S  Exercise_6.elf  > "Exercise_6.list"
arm-none-eabi-objcopy  -O ihex  Exercise_6.elf  "Exercise_6.hex"
   text	   data	    bss	    dec	    hex	filename
   4568	     20	   1572	   6160	   1810	Exercise_6.elf
arm-none-eabi-objcopy  -O binary  Exercise_6.elf  "Exercise_6.bin"
Finished building: default.size.stdout
 
Finished building: Exercise_6.hex
Finished building: Exercise_6.bin
Finished building: Exercise_6.list
 
 
 
16:12:42 **** Incremental Build of configuration Debug for project Exercise_6 ****
make -j12 all 
arm-none-eabi-gcc "../Core/Src/main.c" -mcpu=cortex-m3 -std=gnu11 -g3 -DDEBUG -DUSE_HAL_DRIVER -DSTM32F103x6 -c -I../Core/Inc -I../Drivers/STM32F1xx_HAL_Driver/Inc -I../Drivers/STM32F1xx_HAL_Driver/Inc/Legacy -I../Drivers/CMSIS/Device/ST/STM32F1xx/Include -I../Drivers/CMSIS/Include -O0 -ffunction-sections -fdata-sections -Wall -fstack-usage -MMD -MP -MF"Core/Src/main.d" -MT"Core/Src/main.o" --specs=nano.specs -mfloat-abi=soft -mthumb -o "Core/Src/main.o"
arm-none-eabi-gcc -o "Exercise_6.elf" @"objects.list"   -mcpu=cortex-m3 -T"C:\Users\DELL\Microprocessors-Microcontrollers-Lab\Lab_1\Lab_1_STM32\Exercise_6\STM32F103C6UX_FLASH.ld" --specs=nosys.specs -Wl,-Map="Exercise_6.map" -Wl,--gc-sections -static --specs=nano.specs -mfloat-abi=soft -mthumb -Wl,--start-group -lc -lm -Wl,--end-group
Finished building target: Exercise_6.elf
 
arm-none-eabi-size   Exercise_6.elf 
arm-none-eabi-objdump -h -S  Exercise_6.elf  > "Exercise_6.list"
arm-none-eabi-objcopy  -O ihex  Exercise_6.elf  "Exercise_6.hex"
   text	   data	    bss	    dec	    hex	filename
   4568	     20	   1572	   6160	   1810	Exercise_6.elf
arm-none-eabi-objcopy  -O binary  Exercise_6.elf  "Exercise_6.bin"
Finished building: default.size.stdout
 
Finished building: Exercise_6.hex
Finished building: Exercise_6.list
Finished building: Exercise_6.bin
 
 
 
16:16:21 **** Incremental Build of configuration Debug for project Exercise_6 ****
make -j12 all 
arm-none-eabi-gcc "../Core/Src/main.c" -mcpu=cortex-m3 -std=gnu11 -g3 -DDEBUG -DUSE_HAL_DRIVER -DSTM32F103x6 -c -I../Core/Inc -I../Drivers/STM32F1xx_HAL_Driver/Inc -I../Drivers/STM32F1xx_HAL_Driver/Inc/Legacy -I../Drivers/CMSIS/Device/ST/STM32F1xx/Include -I../Drivers/CMSIS/Include -O0 -ffunction-sections -fdata-sections -Wall -fstack-usage -MMD -MP -MF"Core/Src/main.d" -MT"Core/Src/main.o" --specs=nano.specs -mfloat-abi=soft -mthumb -o "Core/Src/main.o"
../Core/Src/main.c: In function 'clearAllClocks':
../Core/Src/main.c:175:18: error: expected ';' before 'HAL_GPIO_WritePin'
  175 |  clearAllClocks()
      |                  ^
      |                  ;
  176 |     // Turns OFF all pins from PA4 to PA15 (0xFFF0 = bits 4 through 15)
  177 |     HAL_GPIO_WritePin(GPIOA, 0xFFF0, GPIO_PIN_RESET);
      |     ~~~~~~~~~~~~~~~~~
make: *** [Core/Src/subdir.mk:34: Core/Src/main.o] Error 1
"make -j12 all" terminated with exit code 2. Build might be incomplete.
16:16:28 **** Incremental Build of configuration Debug for project Exercise_6 ****
make -j12 all 
arm-none-eabi-gcc "../Core/Src/main.c" -mcpu=cortex-m3 -std=gnu11 -g3 -DDEBUG -DUSE_HAL_DRIVER -DSTM32F103x6 -c -I../Core/Inc -I../Drivers/STM32F1xx_HAL_Driver/Inc -I../Drivers/STM32F1xx_HAL_Driver/Inc/Legacy -I../Drivers/CMSIS/Device/ST/STM32F1xx/Include -I../Drivers/CMSIS/Include -O0 -ffunction-sections -fdata-sections -Wall -fstack-usage -MMD -MP -MF"Core/Src/main.d" -MT"Core/Src/main.o" --specs=nano.specs -mfloat-abi=soft -mthumb -o "Core/Src/main.o"
arm-none-eabi-gcc -o "Exercise_6.elf" @"objects.list"   -mcpu=cortex-m3 -T"C:\Users\DELL\Microprocessors-Microcontrollers-Lab\Lab_1\Lab_1_STM32\Exercise_6\STM32F103C6UX_FLASH.ld" --specs=nosys.specs -Wl,-Map="Exercise_6.map" -Wl,--gc-sections -static --specs=nano.specs -mfloat-abi=soft -mthumb -Wl,--start-group -lc -lm -Wl,--end-group
Finished building target: Exercise_6.elf
 
arm-none-eabi-size   Exercise_6.elf 
arm-none-eabi-objdump -h -S  Exercise_6.elf  > "Exercise_6.list"
arm-none-eabi-objcopy  -O ihex  Exercise_6.elf  "Exercise_6.hex"
   text	   data	    bss	    dec	    hex	filename
   4556	     20	   1572	   6148	   1804	Exercise_6.elf
arm-none-eabi-objcopy  -O binary  Exercise_6.elf  "Exercise_6.bin"
Finished building: default.size.stdout
 
Finished building: Exercise_6.hex
Finished building: Exercise_6.bin
Finished building: Exercise_6.list
 
 
 
16:17:10 **** Incremental Build of configuration Debug for project Exercise_6 ****
make -j12 all 
arm-none-eabi-gcc "../Core/Src/main.c" -mcpu=cortex-m3 -std=gnu11 -g3 -DDEBUG -DUSE_HAL_DRIVER -DSTM32F103x6 -c -I../Core/Inc -I../Drivers/STM32F1xx_HAL_Driver/Inc -I../Drivers/STM32F1xx_HAL_Driver/Inc/Legacy -I../Drivers/CMSIS/Device/ST/STM32F1xx/Include -I../Drivers/CMSIS/Include -O0 -ffunction-sections -fdata-sections -Wall -fstack-usage -MMD -MP -MF"Core/Src/main.d" -MT"Core/Src/main.o" --specs=nano.specs -mfloat-abi=soft -mthumb -o "Core/Src/main.o"
arm-none-eabi-gcc -o "Exercise_6.elf" @"objects.list"   -mcpu=cortex-m3 -T"C:\Users\DELL\Microprocessors-Microcontrollers-Lab\Lab_1\Lab_1_STM32\Exercise_6\STM32F103C6UX_FLASH.ld" --specs=nosys.specs -Wl,-Map="Exercise_6.map" -Wl,--gc-sections -static --specs=nano.specs -mfloat-abi=soft -mthumb -Wl,--start-group -lc -lm -Wl,--end-group
Finished building target: Exercise_6.elf
 
arm-none-eabi-size   Exercise_6.elf 
arm-none-eabi-objdump -h -S  Exercise_6.elf  > "Exercise_6.list"
arm-none-eabi-objcopy  -O ihex  Exercise_6.elf  "Exercise_6.hex"
   text	   data	    bss	    dec	    hex	filename
   4556	     20	   1572	   6148	   1804	Exercise_6.elf
arm-none-eabi-objcopy  -O binary  Exercise_6.elf  "Exercise_6.bin"
Finished building: default.size.stdout
 
Finished building: Exercise_6.hex
Finished building: Exercise_6.list
Finished building: Exercise_6.bin
 
 
 
16:18:04 **** Incremental Build of configuration Debug for project Exercise_6 ****
make -j12 all 
arm-none-eabi-gcc "../Core/Src/main.c" -mcpu=cortex-m3 -std=gnu11 -g3 -DDEBUG -DUSE_HAL_DRIVER -DSTM32F103x6 -c -I../Core/Inc -I../Drivers/STM32F1xx_HAL_Driver/Inc -I../Drivers/STM32F1xx_HAL_Driver/Inc/Legacy -I../Drivers/CMSIS/Device/ST/STM32F1xx/Include -I../Drivers/CMSIS/Include -O0 -ffunction-sections -fdata-sections -Wall -fstack-usage -MMD -MP -MF"Core/Src/main.d" -MT"Core/Src/main.o" --specs=nano.specs -mfloat-abi=soft -mthumb -o "Core/Src/main.o"
arm-none-eabi-gcc -o "Exercise_6.elf" @"objects.list"   -mcpu=cortex-m3 -T"C:\Users\DELL\Microprocessors-Microcontrollers-Lab\Lab_1\Lab_1_STM32\Exercise_6\STM32F103C6UX_FLASH.ld" --specs=nosys.specs -Wl,-Map="Exercise_6.map" -Wl,--gc-sections -static --specs=nano.specs -mfloat-abi=soft -mthumb -Wl,--start-group -lc -lm -Wl,--end-group
Finished building target: Exercise_6.elf
 
arm-none-eabi-size   Exercise_6.elf 
arm-none-eabi-objdump -h -S  Exercise_6.elf  > "Exercise_6.list"
arm-none-eabi-objcopy  -O ihex  Exercise_6.elf  "Exercise_6.hex"
   text	   data	    bss	    dec	    hex	filename
   4584	     20	   1572	   6176	   1820	Exercise_6.elf
arm-none-eabi-objcopy  -O binary  Exercise_6.elf  "Exercise_6.bin"
Finished building: default.size.stdout
 
Finished building: Exercise_6.hex
Finished building: Exercise_6.list
Finished building: Exercise_6.bin
 
 
 
16:20:08 **** Incremental Build of configuration Debug for project Exercise_6 ****
make -j12 all 
arm-none-eabi-gcc "../Core/Src/main.c" -mcpu=cortex-m3 -std=gnu11 -g3 -DDEBUG -DUSE_HAL_DRIVER -DSTM32F103x6 -c -I../Core/Inc -I../Drivers/STM32F1xx_HAL_Driver/Inc -I../Drivers/STM32F1xx_HAL_Driver/Inc/Legacy -I../Drivers/CMSIS/Device/ST/STM32F1xx/Include -I../Drivers/CMSIS/Include -O0 -ffunction-sections -fdata-sections -Wall -fstack-usage -MMD -MP -MF"Core/Src/main.d" -MT"Core/Src/main.o" --specs=nano.specs -mfloat-abi=soft -mthumb -o "Core/Src/main.o"
arm-none-eabi-gcc -o "Exercise_6.elf" @"objects.list"   -mcpu=cortex-m3 -T"C:\Users\DELL\Microprocessors-Microcontrollers-Lab\Lab_1\Lab_1_STM32\Exercise_6\STM32F103C6UX_FLASH.ld" --specs=nosys.specs -Wl,-Map="Exercise_6.map" -Wl,--gc-sections -static --specs=nano.specs -mfloat-abi=soft -mthumb -Wl,--start-group -lc -lm -Wl,--end-group
Finished building target: Exercise_6.elf
 
arm-none-eabi-size   Exercise_6.elf 
arm-none-eabi-objdump -h -S  Exercise_6.elf  > "Exercise_6.list"
arm-none-eabi-objcopy  -O ihex  Exercise_6.elf  "Exercise_6.hex"
   text	   data	    bss	    dec	    hex	filename
   4616	     20	   1572	   6208	   1840	Exercise_6.elf
arm-none-eabi-objcopy  -O binary  Exercise_6.elf  "Exercise_6.bin"
Finished building: default.size.stdout
 
Finished building: Exercise_6.hex
Finished building: Exercise_6.bin
Finished building: Exercise_6.list
 
 
 
16:20:53 **** Incremental Build of configuration Debug for project Exercise_6 ****
make -j12 all 
arm-none-eabi-gcc "../Core/Src/main.c" -mcpu=cortex-m3 -std=gnu11 -g3 -DDEBUG -DUSE_HAL_DRIVER -DSTM32F103x6 -c -I../Core/Inc -I../Drivers/STM32F1xx_HAL_Driver/Inc -I../Drivers/STM32F1xx_HAL_Driver/Inc/Legacy -I../Drivers/CMSIS/Device/ST/STM32F1xx/Include -I../Drivers/CMSIS/Include -O0 -ffunction-sections -fdata-sections -Wall -fstack-usage -MMD -MP -MF"Core/Src/main.d" -MT"Core/Src/main.o" --specs=nano.specs -mfloat-abi=soft -mthumb -o "Core/Src/main.o"
arm-none-eabi-gcc -o "Exercise_6.elf" @"objects.list"   -mcpu=cortex-m3 -T"C:\Users\DELL\Microprocessors-Microcontrollers-Lab\Lab_1\Lab_1_STM32\Exercise_6\STM32F103C6UX_FLASH.ld" --specs=nosys.specs -Wl,-Map="Exercise_6.map" -Wl,--gc-sections -static --specs=nano.specs -mfloat-abi=soft -mthumb -Wl,--start-group -lc -lm -Wl,--end-group
Finished building target: Exercise_6.elf
 
arm-none-eabi-size   Exercise_6.elf 
arm-none-eabi-objdump -h -S  Exercise_6.elf  > "Exercise_6.list"
arm-none-eabi-objcopy  -O ihex  Exercise_6.elf  "Exercise_6.hex"
   text	   data	    bss	    dec	    hex	filename
   4616	     20	   1572	   6208	   1840	Exercise_6.elf
arm-none-eabi-objcopy  -O binary  Exercise_6.elf  "Exercise_6.bin"
Finished building: default.size.stdout
 
Finished building: Exercise_6.hex
Finished building: Exercise_6.list
Finished building: Exercise_6.bin
 
 
 
16:21:27 **** Incremental Build of configuration Debug for project Exercise_6 ****
make -j12 all 
arm-none-eabi-gcc "../Core/Src/main.c" -mcpu=cortex-m3 -std=gnu11 -g3 -DDEBUG -DUSE_HAL_DRIVER -DSTM32F103x6 -c -I../Core/Inc -I../Drivers/STM32F1xx_HAL_Driver/Inc -I../Drivers/STM32F1xx_HAL_Driver/Inc/Legacy -I../Drivers/CMSIS/Device/ST/STM32F1xx/Include -I../Drivers/CMSIS/Include -O0 -ffunction-sections -fdata-sections -Wall -fstack-usage -MMD -MP -MF"Core/Src/main.d" -MT"Core/Src/main.o" --specs=nano.specs -mfloat-abi=soft -mthumb -o "Core/Src/main.o"
arm-none-eabi-gcc -o "Exercise_6.elf" @"objects.list"   -mcpu=cortex-m3 -T"C:\Users\DELL\Microprocessors-Microcontrollers-Lab\Lab_1\Lab_1_STM32\Exercise_6\STM32F103C6UX_FLASH.ld" --specs=nosys.specs -Wl,-Map="Exercise_6.map" -Wl,--gc-sections -static --specs=nano.specs -mfloat-abi=soft -mthumb -Wl,--start-group -lc -lm -Wl,--end-group
Finished building target: Exercise_6.elf
 
arm-none-eabi-size   Exercise_6.elf 
arm-none-eabi-objdump -h -S  Exercise_6.elf  > "Exercise_6.list"
arm-none-eabi-objcopy  -O ihex  Exercise_6.elf  "Exercise_6.hex"
   text	   data	    bss	    dec	    hex	filename
   4616	     20	   1572	   6208	   1840	Exercise_6.elf
arm-none-eabi-objcopy  -O binary  Exercise_6.elf  "Exercise_6.bin"
Finished building: default.size.stdout
 
Finished building: Exercise_6.hex
Finished building: Exercise_6.list
Finished building: Exercise_6.bin
 
 
 
16:23:07 **** Incremental Build of configuration Debug for project Exercise_6 ****
make -j12 all 
arm-none-eabi-gcc "../Core/Src/main.c" -mcpu=cortex-m3 -std=gnu11 -g3 -DDEBUG -DUSE_HAL_DRIVER -DSTM32F103x6 -c -I../Core/Inc -I../Drivers/STM32F1xx_HAL_Driver/Inc -I../Drivers/STM32F1xx_HAL_Driver/Inc/Legacy -I../Drivers/CMSIS/Device/ST/STM32F1xx/Include -I../Drivers/CMSIS/Include -O0 -ffunction-sections -fdata-sections -Wall -fstack-usage -MMD -MP -MF"Core/Src/main.d" -MT"Core/Src/main.o" --specs=nano.specs -mfloat-abi=soft -mthumb -o "Core/Src/main.o"
arm-none-eabi-gcc -o "Exercise_6.elf" @"objects.list"   -mcpu=cortex-m3 -T"C:\Users\DELL\Microprocessors-Microcontrollers-Lab\Lab_1\Lab_1_STM32\Exercise_6\STM32F103C6UX_FLASH.ld" --specs=nosys.specs -Wl,-Map="Exercise_6.map" -Wl,--gc-sections -static --specs=nano.specs -mfloat-abi=soft -mthumb -Wl,--start-group -lc -lm -Wl,--end-group
Finished building target: Exercise_6.elf
 
arm-none-eabi-size   Exercise_6.elf 
arm-none-eabi-objdump -h -S  Exercise_6.elf  > "Exercise_6.list"
arm-none-eabi-objcopy  -O ihex  Exercise_6.elf  "Exercise_6.hex"
   text	   data	    bss	    dec	    hex	filename
   4616	     20	   1572	   6208	   1840	Exercise_6.elf
arm-none-eabi-objcopy  -O binary  Exercise_6.elf  "Exercise_6.bin"
Finished building: default.size.stdout
 
Finished building: Exercise_6.hex
Finished building: Exercise_6.list
Finished building: Exercise_6.bin
 
 
 
16:23:46 **** Incremental Build of configuration Debug for project Exercise_6 ****
make -j12 all 
arm-none-eabi-gcc "../Core/Src/main.c" -mcpu=cortex-m3 -std=gnu11 -g3 -DDEBUG -DUSE_HAL_DRIVER -DSTM32F103x6 -c -I../Core/Inc -I../Drivers/STM32F1xx_HAL_Driver/Inc -I../Drivers/STM32F1xx_HAL_Driver/Inc/Legacy -I../Drivers/CMSIS/Device/ST/STM32F1xx/Include -I../Drivers/CMSIS/Include -O0 -ffunction-sections -fdata-sections -Wall -fstack-usage -MMD -MP -MF"Core/Src/main.d" -MT"Core/Src/main.o" --specs=nano.specs -mfloat-abi=soft -mthumb -o "Core/Src/main.o"
arm-none-eabi-gcc -o "Exercise_6.elf" @"objects.list"   -mcpu=cortex-m3 -T"C:\Users\DELL\Microprocessors-Microcontrollers-Lab\Lab_1\Lab_1_STM32\Exercise_6\STM32F103C6UX_FLASH.ld" --specs=nosys.specs -Wl,-Map="Exercise_6.map" -Wl,--gc-sections -static --specs=nano.specs -mfloat-abi=soft -mthumb -Wl,--start-group -lc -lm -Wl,--end-group
Finished building target: Exercise_6.elf
 
arm-none-eabi-size   Exercise_6.elf 
arm-none-eabi-objdump -h -S  Exercise_6.elf  > "Exercise_6.list"
arm-none-eabi-objcopy  -O ihex  Exercise_6.elf  "Exercise_6.hex"
   text	   data	    bss	    dec	    hex	filename
   4616	     20	   1572	   6208	   1840	Exercise_6.elf
arm-none-eabi-objcopy  -O binary  Exercise_6.elf  "Exercise_6.bin"
Finished building: default.size.stdout
 
Finished building: Exercise_6.hex
Finished building: Exercise_6.list
Finished building: Exercise_6.bin
 
 
 
16:31:54 **** Clean-only build of configuration Debug for project Exercise_6-12 ****
make -j12 clean 
rm -rf  Exercise_6.hex  default.size.stdout  Exercise_6.list  Exercise_6.elf  ./Drivers/STM32F1xx_HAL_Driver/Src/stm32f1xx_hal.o ./Drivers/STM32F1xx_HAL_Driver/Src/stm32f1xx_hal_cortex.o ./Drivers/STM32F1xx_HAL_Driver/Src/stm32f1xx_hal_dma.o ./Drivers/STM32F1xx_HAL_Driver/Src/stm32f1xx_hal_exti.o ./Drivers/STM32F1xx_HAL_Driver/Src/stm32f1xx_hal_flash.o ./Drivers/STM32F1xx_HAL_Driver/Src/stm32f1xx_hal_flash_ex.o ./Drivers/STM32F1xx_HAL_Driver/Src/stm32f1xx_hal_gpio.o ./Drivers/STM32F1xx_HAL_Driver/Src/stm32f1xx_hal_gpio_ex.o ./Drivers/STM32F1xx_HAL_Driver/Src/stm32f1xx_hal_pwr.o ./Drivers/STM32F1xx_HAL_Driver/Src/stm32f1xx_hal_rcc.o ./Drivers/STM32F1xx_HAL_Driver/Src/stm32f1xx_hal_rcc_ex.o ./Drivers/STM32F1xx_HAL_Driver/Src/stm32f1xx_hal_tim.o ./Drivers/STM32F1xx_HAL_Driver/Src/stm32f1xx_hal_tim_ex.o  ./Core/Startup/startup_stm32f103c6ux.o  ./Core/Src/main.o ./Core/Src/stm32f1xx_hal_msp.o ./Core/Src/stm32f1xx_it.o ./Core/Src/syscalls.o ./Core/Src/sysmem.o ./Core/Src/system_stm32f1xx.o  ./Core/Startup/startup_stm32f103c6ux.d  ./Drivers/STM32F1xx_HAL_Driver/Src/stm32f1xx_hal.d ./Drivers/STM32F1xx_HAL_Driver/Src/stm32f1xx_hal_cortex.d ./Drivers/STM32F1xx_HAL_Driver/Src/stm32f1xx_hal_dma.d ./Drivers/STM32F1xx_HAL_Driver/Src/stm32f1xx_hal_exti.d ./Drivers/STM32F1xx_HAL_Driver/Src/stm32f1xx_hal_flash.d ./Drivers/STM32F1xx_HAL_Driver/Src/stm32f1xx_hal_flash_ex.d ./Drivers/STM32F1xx_HAL_Driver/Src/stm32f1xx_hal_gpio.d ./Drivers/STM32F1xx_HAL_Driver/Src/stm32f1xx_hal_gpio_ex.d ./Drivers/STM32F1xx_HAL_Driver/Src/stm32f1xx_hal_pwr.d ./Drivers/STM32F1xx_HAL_Driver/Src/stm32f1xx_hal_rcc.d ./Drivers/STM32F1xx_HAL_Driver/Src/stm32f1xx_hal_rcc_ex.d ./Drivers/STM32F1xx_HAL_Driver/Src/stm32f1xx_hal_tim.d ./Drivers/STM32F1xx_HAL_Driver/Src/stm32f1xx_hal_tim_ex.d  ./Core/Src/main.d ./Core/Src/stm32f1xx_hal_msp.d ./Core/Src/stm32f1xx_it.d ./Core/Src/syscalls.d ./Core/Src/sysmem.d ./Core/Src/system_stm32f1xx.d  Exercise_6.bin  Exercise_6.elf
 
16:31:55 **** Build of configuration Debug for project Exercise_6-12 ****
make -j12 all 
arm-none-eabi-gcc "../Drivers/STM32F1xx_HAL_Driver/Src/stm32f1xx_hal.c" -mcpu=cortex-m3 -std=gnu11 -g3 -DDEBUG -DUSE_HAL_DRIVER -DSTM32F103x6 -c -I../Core/Inc -I../Drivers/STM32F1xx_HAL_Driver/Inc -I../Drivers/STM32F1xx_HAL_Driver/Inc/Legacy -I../Drivers/CMSIS/Device/ST/STM32F1xx/Include -I../Drivers/CMSIS/Include -O0 -ffunction-sections -fdata-sections -Wall -fstack-usage -MMD -MP -MF"Drivers/STM32F1xx_HAL_Driver/Src/stm32f1xx_hal.d" -MT"Drivers/STM32F1xx_HAL_Driver/Src/stm32f1xx_hal.o" --specs=nano.specs -mfloat-abi=soft -mthumb -o "Drivers/STM32F1xx_HAL_Driver/Src/stm32f1xx_hal.o"
arm-none-eabi-gcc "../Drivers/STM32F1xx_HAL_Driver/Src/stm32f1xx_hal_cortex.c" -mcpu=cortex-m3 -std=gnu11 -g3 -DDEBUG -DUSE_HAL_DRIVER -DSTM32F103x6 -c -I../Core/Inc -I../Drivers/STM32F1xx_HAL_Driver/Inc -I../Drivers/STM32F1xx_HAL_Driver/Inc/Legacy -I../Drivers/CMSIS/Device/ST/STM32F1xx/Include -I../Drivers/CMSIS/Include -O0 -ffunction-sections -fdata-sections -Wall -fstack-usage -MMD -MP -MF"Drivers/STM32F1xx_HAL_Driver/Src/stm32f1xx_hal_cortex.d" -MT"Drivers/STM32F1xx_HAL_Driver/Src/stm32f1xx_hal_cortex.o" --specs=nano.specs -mfloat-abi=soft -mthumb -o "Drivers/STM32F1xx_HAL_Driver/Src/stm32f1xx_hal_cortex.o"
arm-none-eabi-gcc "../Drivers/STM32F1xx_HAL_Driver/Src/stm32f1xx_hal_dma.c" -mcpu=cortex-m3 -std=gnu11 -g3 -DDEBUG -DUSE_HAL_DRIVER -DSTM32F103x6 -c -I../Core/Inc -I../Drivers/STM32F1xx_HAL_Driver/Inc -I../Drivers/STM32F1xx_HAL_Driver/Inc/Legacy -I../Drivers/CMSIS/Device/ST/STM32F1xx/Include -I../Drivers/CMSIS/Include -O0 -ffunction-sections -fdata-sections -Wall -fstack-usage -MMD -MP -MF"Drivers/STM32F1xx_HAL_Driver/Src/stm32f1xx_hal_dma.d" -MT"Drivers/STM32F1xx_HAL_Driver/Src/stm32f1xx_hal_dma.o" --specs=nano.specs -mfloat-abi=soft -mthumb -o "Drivers/STM32F1xx_HAL_Driver/Src/stm32f1xx_hal_dma.o"
arm-none-eabi-gcc "../Drivers/STM32F1xx_HAL_Driver/Src/stm32f1xx_hal_exti.c" -mcpu=cortex-m3 -std=gnu11 -g3 -DDEBUG -DUSE_HAL_DRIVER -DSTM32F103x6 -c -I../Core/Inc -I../Drivers/STM32F1xx_HAL_Driver/Inc -I../Drivers/STM32F1xx_HAL_Driver/Inc/Legacy -I../Drivers/CMSIS/Device/ST/STM32F1xx/Include -I../Drivers/CMSIS/Include -O0 -ffunction-sections -fdata-sections -Wall -fstack-usage -MMD -MP -MF"Drivers/STM32F1xx_HAL_Driver/Src/stm32f1xx_hal_exti.d" -MT"Drivers/STM32F1xx_HAL_Driver/Src/stm32f1xx_hal_exti.o" --specs=nano.specs -mfloat-abi=soft -mthumb -o "Drivers/STM32F1xx_HAL_Driver/Src/stm32f1xx_hal_exti.o"
arm-none-eabi-gcc "../Drivers/STM32F1xx_HAL_Driver/Src/stm32f1xx_hal_flash.c" -mcpu=cortex-m3 -std=gnu11 -g3 -DDEBUG -DUSE_HAL_DRIVER -DSTM32F103x6 -c -I../Core/Inc -I../Drivers/STM32F1xx_HAL_Driver/Inc -I../Drivers/STM32F1xx_HAL_Driver/Inc/Legacy -I../Drivers/CMSIS/Device/ST/STM32F1xx/Include -I../Drivers/CMSIS/Include -O0 -ffunction-sections -fdata-sections -Wall -fstack-usage -MMD -MP -MF"Drivers/STM32F1xx_HAL_Driver/Src/stm32f1xx_hal_flash.d" -MT"Drivers/STM32F1xx_HAL_Driver/Src/stm32f1xx_hal_flash.o" --specs=nano.specs -mfloat-abi=soft -mthumb -o "Drivers/STM32F1xx_HAL_Driver/Src/stm32f1xx_hal_flash.o"
arm-none-eabi-gcc "../Drivers/STM32F1xx_HAL_Driver/Src/stm32f1xx_hal_flash_ex.c" -mcpu=cortex-m3 -std=gnu11 -g3 -DDEBUG -DUSE_HAL_DRIVER -DSTM32F103x6 -c -I../Core/Inc -I../Drivers/STM32F1xx_HAL_Driver/Inc -I../Drivers/STM32F1xx_HAL_Driver/Inc/Legacy -I../Drivers/CMSIS/Device/ST/STM32F1xx/Include -I../Drivers/CMSIS/Include -O0 -ffunction-sections -fdata-sections -Wall -fstack-usage -MMD -MP -MF"Drivers/STM32F1xx_HAL_Driver/Src/stm32f1xx_hal_flash_ex.d" -MT"Drivers/STM32F1xx_HAL_Driver/Src/stm32f1xx_hal_flash_ex.o" --specs=nano.specs -mfloat-abi=soft -mthumb -o "Drivers/STM32F1xx_HAL_Driver/Src/stm32f1xx_hal_flash_ex.o"
arm-none-eabi-gcc "../Drivers/STM32F1xx_HAL_Driver/Src/stm32f1xx_hal_gpio.c" -mcpu=cortex-m3 -std=gnu11 -g3 -DDEBUG -DUSE_HAL_DRIVER -DSTM32F103x6 -c -I../Core/Inc -I../Drivers/STM32F1xx_HAL_Driver/Inc -I../Drivers/STM32F1xx_HAL_Driver/Inc/Legacy -I../Drivers/CMSIS/Device/ST/STM32F1xx/Include -I../Drivers/CMSIS/Include -O0 -ffunction-sections -fdata-sections -Wall -fstack-usage -MMD -MP -MF"Drivers/STM32F1xx_HAL_Driver/Src/stm32f1xx_hal_gpio.d" -MT"Drivers/STM32F1xx_HAL_Driver/Src/stm32f1xx_hal_gpio.o" --specs=nano.specs -mfloat-abi=soft -mthumb -o "Drivers/STM32F1xx_HAL_Driver/Src/stm32f1xx_hal_gpio.o"
arm-none-eabi-gcc "../Drivers/STM32F1xx_HAL_Driver/Src/stm32f1xx_hal_gpio_ex.c" -mcpu=cortex-m3 -std=gnu11 -g3 -DDEBUG -DUSE_HAL_DRIVER -DSTM32F103x6 -c -I../Core/Inc -I../Drivers/STM32F1xx_HAL_Driver/Inc -I../Drivers/STM32F1xx_HAL_Driver/Inc/Legacy -I../Drivers/CMSIS/Device/ST/STM32F1xx/Include -I../Drivers/CMSIS/Include -O0 -ffunction-sections -fdata-sections -Wall -fstack-usage -MMD -MP -MF"Drivers/STM32F1xx_HAL_Driver/Src/stm32f1xx_hal_gpio_ex.d" -MT"Drivers/STM32F1xx_HAL_Driver/Src/stm32f1xx_hal_gpio_ex.o" --specs=nano.specs -mfloat-abi=soft -mthumb -o "Drivers/STM32F1xx_HAL_Driver/Src/stm32f1xx_hal_gpio_ex.o"
arm-none-eabi-gcc "../Drivers/STM32F1xx_HAL_Driver/Src/stm32f1xx_hal_pwr.c" -mcpu=cortex-m3 -std=gnu11 -g3 -DDEBUG -DUSE_HAL_DRIVER -DSTM32F103x6 -c -I../Core/Inc -I../Drivers/STM32F1xx_HAL_Driver/Inc -I../Drivers/STM32F1xx_HAL_Driver/Inc/Legacy -I../Drivers/CMSIS/Device/ST/STM32F1xx/Include -I../Drivers/CMSIS/Include -O0 -ffunction-sections -fdata-sections -Wall -fstack-usage -MMD -MP -MF"Drivers/STM32F1xx_HAL_Driver/Src/stm32f1xx_hal_pwr.d" -MT"Drivers/STM32F1xx_HAL_Driver/Src/stm32f1xx_hal_pwr.o" --specs=nano.specs -mfloat-abi=soft -mthumb -o "Drivers/STM32F1xx_HAL_Driver/Src/stm32f1xx_hal_pwr.o"
arm-none-eabi-gcc "../Drivers/STM32F1xx_HAL_Driver/Src/stm32f1xx_hal_rcc.c" -mcpu=cortex-m3 -std=gnu11 -g3 -DDEBUG -DUSE_HAL_DRIVER -DSTM32F103x6 -c -I../Core/Inc -I../Drivers/STM32F1xx_HAL_Driver/Inc -I../Drivers/STM32F1xx_HAL_Driver/Inc/Legacy -I../Drivers/CMSIS/Device/ST/STM32F1xx/Include -I../Drivers/CMSIS/Include -O0 -ffunction-sections -fdata-sections -Wall -fstack-usage -MMD -MP -MF"Drivers/STM32F1xx_HAL_Driver/Src/stm32f1xx_hal_rcc.d" -MT"Drivers/STM32F1xx_HAL_Driver/Src/stm32f1xx_hal_rcc.o" --specs=nano.specs -mfloat-abi=soft -mthumb -o "Drivers/STM32F1xx_HAL_Driver/Src/stm32f1xx_hal_rcc.o"
arm-none-eabi-gcc "../Drivers/STM32F1xx_HAL_Driver/Src/stm32f1xx_hal_rcc_ex.c" -mcpu=cortex-m3 -std=gnu11 -g3 -DDEBUG -DUSE_HAL_DRIVER -DSTM32F103x6 -c -I../Core/Inc -I../Drivers/STM32F1xx_HAL_Driver/Inc -I../Drivers/STM32F1xx_HAL_Driver/Inc/Legacy -I../Drivers/CMSIS/Device/ST/STM32F1xx/Include -I../Drivers/CMSIS/Include -O0 -ffunction-sections -fdata-sections -Wall -fstack-usage -MMD -MP -MF"Drivers/STM32F1xx_HAL_Driver/Src/stm32f1xx_hal_rcc_ex.d" -MT"Drivers/STM32F1xx_HAL_Driver/Src/stm32f1xx_hal_rcc_ex.o" --specs=nano.specs -mfloat-abi=soft -mthumb -o "Drivers/STM32F1xx_HAL_Driver/Src/stm32f1xx_hal_rcc_ex.o"
arm-none-eabi-gcc "../Drivers/STM32F1xx_HAL_Driver/Src/stm32f1xx_hal_tim.c" -mcpu=cortex-m3 -std=gnu11 -g3 -DDEBUG -DUSE_HAL_DRIVER -DSTM32F103x6 -c -I../Core/Inc -I../Drivers/STM32F1xx_HAL_Driver/Inc -I../Drivers/STM32F1xx_HAL_Driver/Inc/Legacy -I../Drivers/CMSIS/Device/ST/STM32F1xx/Include -I../Drivers/CMSIS/Include -O0 -ffunction-sections -fdata-sections -Wall -fstack-usage -MMD -MP -MF"Drivers/STM32F1xx_HAL_Driver/Src/stm32f1xx_hal_tim.d" -MT"Drivers/STM32F1xx_HAL_Driver/Src/stm32f1xx_hal_tim.o" --specs=nano.specs -mfloat-abi=soft -mthumb -o "Drivers/STM32F1xx_HAL_Driver/Src/stm32f1xx_hal_tim.o"
arm-none-eabi-gcc "../Drivers/STM32F1xx_HAL_Driver/Src/stm32f1xx_hal_tim_ex.c" -mcpu=cortex-m3 -std=gnu11 -g3 -DDEBUG -DUSE_HAL_DRIVER -DSTM32F103x6 -c -I../Core/Inc -I../Drivers/STM32F1xx_HAL_Driver/Inc -I../Drivers/STM32F1xx_HAL_Driver/Inc/Legacy -I../Drivers/CMSIS/Device/ST/STM32F1xx/Include -I../Drivers/CMSIS/Include -O0 -ffunction-sections -fdata-sections -Wall -fstack-usage -MMD -MP -MF"Drivers/STM32F1xx_HAL_Driver/Src/stm32f1xx_hal_tim_ex.d" -MT"Drivers/STM32F1xx_HAL_Driver/Src/stm32f1xx_hal_tim_ex.o" --specs=nano.specs -mfloat-abi=soft -mthumb -o "Drivers/STM32F1xx_HAL_Driver/Src/stm32f1xx_hal_tim_ex.o"
arm-none-eabi-gcc -mcpu=cortex-m3 -g3 -DDEBUG -c -x assembler-with-cpp -MMD -MP -MF"Core/Startup/startup_stm32f103c6ux.d" -MT"Core/Startup/startup_stm32f103c6ux.o" --specs=nano.specs -mfloat-abi=soft -mthumb -o "Core/Startup/startup_stm32f103c6ux.o" "../Core/Startup/startup_stm32f103c6ux.s"
arm-none-eabi-gcc "../Core/Src/main.c" -mcpu=cortex-m3 -std=gnu11 -g3 -DDEBUG -DUSE_HAL_DRIVER -DSTM32F103x6 -c -I../Core/Inc -I../Drivers/STM32F1xx_HAL_Driver/Inc -I../Drivers/STM32F1xx_HAL_Driver/Inc/Legacy -I../Drivers/CMSIS/Device/ST/STM32F1xx/Include -I../Drivers/CMSIS/Include -O0 -ffunction-sections -fdata-sections -Wall -fstack-usage -MMD -MP -MF"Core/Src/main.d" -MT"Core/Src/main.o" --specs=nano.specs -mfloat-abi=soft -mthumb -o "Core/Src/main.o"
arm-none-eabi-gcc "../Core/Src/stm32f1xx_hal_msp.c" -mcpu=cortex-m3 -std=gnu11 -g3 -DDEBUG -DUSE_HAL_DRIVER -DSTM32F103x6 -c -I../Core/Inc -I../Drivers/STM32F1xx_HAL_Driver/Inc -I../Drivers/STM32F1xx_HAL_Driver/Inc/Legacy -I../Drivers/CMSIS/Device/ST/STM32F1xx/Include -I../Drivers/CMSIS/Include -O0 -ffunction-sections -fdata-sections -Wall -fstack-usage -MMD -MP -MF"Core/Src/stm32f1xx_hal_msp.d" -MT"Core/Src/stm32f1xx_hal_msp.o" --specs=nano.specs -mfloat-abi=soft -mthumb -o "Core/Src/stm32f1xx_hal_msp.o"
arm-none-eabi-gcc "../Core/Src/stm32f1xx_it.c" -mcpu=cortex-m3 -std=gnu11 -g3 -DDEBUG -DUSE_HAL_DRIVER -DSTM32F103x6 -c -I../Core/Inc -I../Drivers/STM32F1xx_HAL_Driver/Inc -I../Drivers/STM32F1xx_HAL_Driver/Inc/Legacy -I../Drivers/CMSIS/Device/ST/STM32F1xx/Include -I../Drivers/CMSIS/Include -O0 -ffunction-sections -fdata-sections -Wall -fstack-usage -MMD -MP -MF"Core/Src/stm32f1xx_it.d" -MT"Core/Src/stm32f1xx_it.o" --specs=nano.specs -mfloat-abi=soft -mthumb -o "Core/Src/stm32f1xx_it.o"
arm-none-eabi-gcc "../Core/Src/syscalls.c" -mcpu=cortex-m3 -std=gnu11 -g3 -DDEBUG -DUSE_HAL_DRIVER -DSTM32F103x6 -c -I../Core/Inc -I../Drivers/STM32F1xx_HAL_Driver/Inc -I../Drivers/STM32F1xx_HAL_Driver/Inc/Legacy -I../Drivers/CMSIS/Device/ST/STM32F1xx/Include -I../Drivers/CMSIS/Include -O0 -ffunction-sections -fdata-sections -Wall -fstack-usage -MMD -MP -MF"Core/Src/syscalls.d" -MT"Core/Src/syscalls.o" --specs=nano.specs -mfloat-abi=soft -mthumb -o "Core/Src/syscalls.o"
arm-none-eabi-gcc "../Core/Src/sysmem.c" -mcpu=cortex-m3 -std=gnu11 -g3 -DDEBUG -DUSE_HAL_DRIVER -DSTM32F103x6 -c -I../Core/Inc -I../Drivers/STM32F1xx_HAL_Driver/Inc -I../Drivers/STM32F1xx_HAL_Driver/Inc/Legacy -I../Drivers/CMSIS/Device/ST/STM32F1xx/Include -I../Drivers/CMSIS/Include -O0 -ffunction-sections -fdata-sections -Wall -fstack-usage -MMD -MP -MF"Core/Src/sysmem.d" -MT"Core/Src/sysmem.o" --specs=nano.specs -mfloat-abi=soft -mthumb -o "Core/Src/sysmem.o"
arm-none-eabi-gcc "../Core/Src/system_stm32f1xx.c" -mcpu=cortex-m3 -std=gnu11 -g3 -DDEBUG -DUSE_HAL_DRIVER -DSTM32F103x6 -c -I../Core/Inc -I../Drivers/STM32F1xx_HAL_Driver/Inc -I../Drivers/STM32F1xx_HAL_Driver/Inc/Legacy -I../Drivers/CMSIS/Device/ST/STM32F1xx/Include -I../Drivers/CMSIS/Include -O0 -ffunction-sections -fdata-sections -Wall -fstack-usage -MMD -MP -MF"Core/Src/system_stm32f1xx.d" -MT"Core/Src/system_stm32f1xx.o" --specs=nano.specs -mfloat-abi=soft -mthumb -o "Core/Src/system_stm32f1xx.o"
arm-none-eabi-gcc -o "Exercise_6-12.elf" @"objects.list"   -mcpu=cortex-m3 -T"C:\Users\DELL\Microprocessors-Microcontrollers-Lab\Lab_1\Lab_1_STM32\Exercise_6\STM32F103C6UX_FLASH.ld" --specs=nosys.specs -Wl,-Map="Exercise_6-12.map" -Wl,--gc-sections -static --specs=nano.specs -mfloat-abi=soft -mthumb -Wl,--start-group -lc -lm -Wl,--end-group
Finished building target: Exercise_6-12.elf
 
arm-none-eabi-size   Exercise_6-12.elf 
arm-none-eabi-objdump -h -S  Exercise_6-12.elf  > "Exercise_6-12.list"
arm-none-eabi-objcopy  -O ihex  Exercise_6-12.elf  "Exercise_6-12.hex"
   text	   data	    bss	    dec	    hex	filename
   4644	     20	   1572	   6236	   185c	Exercise_6-12.elf
arm-none-eabi-objcopy  -O binary  Exercise_6-12.elf  "Exercise_6-12.bin"
Finished building: default.size.stdout
 
Finished building: Exercise_6-12.hex
Finished building: Exercise_6-12.bin
Finished building: Exercise_6-12.list
 
 
 
16:33:24 **** Clean-only build of configuration Debug for project Exercise_6-10 ****
make -j12 clean 
rm -rf  Exercise_6-12.hex  default.size.stdout  Exercise_6-12.list  Exercise_6-12.elf  ./Drivers/STM32F1xx_HAL_Driver/Src/stm32f1xx_hal.o ./Drivers/STM32F1xx_HAL_Driver/Src/stm32f1xx_hal_cortex.o ./Drivers/STM32F1xx_HAL_Driver/Src/stm32f1xx_hal_dma.o ./Drivers/STM32F1xx_HAL_Driver/Src/stm32f1xx_hal_exti.o ./Drivers/STM32F1xx_HAL_Driver/Src/stm32f1xx_hal_flash.o ./Drivers/STM32F1xx_HAL_Driver/Src/stm32f1xx_hal_flash_ex.o ./Drivers/STM32F1xx_HAL_Driver/Src/stm32f1xx_hal_gpio.o ./Drivers/STM32F1xx_HAL_Driver/Src/stm32f1xx_hal_gpio_ex.o ./Drivers/STM32F1xx_HAL_Driver/Src/stm32f1xx_hal_pwr.o ./Drivers/STM32F1xx_HAL_Driver/Src/stm32f1xx_hal_rcc.o ./Drivers/STM32F1xx_HAL_Driver/Src/stm32f1xx_hal_rcc_ex.o ./Drivers/STM32F1xx_HAL_Driver/Src/stm32f1xx_hal_tim.o ./Drivers/STM32F1xx_HAL_Driver/Src/stm32f1xx_hal_tim_ex.o  ./Core/Startup/startup_stm32f103c6ux.o  ./Core/Src/main.o ./Core/Src/stm32f1xx_hal_msp.o ./Core/Src/stm32f1xx_it.o ./Core/Src/syscalls.o ./Core/Src/sysmem.o ./Core/Src/system_stm32f1xx.o  ./Core/Startup/startup_stm32f103c6ux.d  ./Drivers/STM32F1xx_HAL_Driver/Src/stm32f1xx_hal.d ./Drivers/STM32F1xx_HAL_Driver/Src/stm32f1xx_hal_cortex.d ./Drivers/STM32F1xx_HAL_Driver/Src/stm32f1xx_hal_dma.d ./Drivers/STM32F1xx_HAL_Driver/Src/stm32f1xx_hal_exti.d ./Drivers/STM32F1xx_HAL_Driver/Src/stm32f1xx_hal_flash.d ./Drivers/STM32F1xx_HAL_Driver/Src/stm32f1xx_hal_flash_ex.d ./Drivers/STM32F1xx_HAL_Driver/Src/stm32f1xx_hal_gpio.d ./Drivers/STM32F1xx_HAL_Driver/Src/stm32f1xx_hal_gpio_ex.d ./Drivers/STM32F1xx_HAL_Driver/Src/stm32f1xx_hal_pwr.d ./Drivers/STM32F1xx_HAL_Driver/Src/stm32f1xx_hal_rcc.d ./Drivers/STM32F1xx_HAL_Driver/Src/stm32f1xx_hal_rcc_ex.d ./Drivers/STM32F1xx_HAL_Driver/Src/stm32f1xx_hal_tim.d ./Drivers/STM32F1xx_HAL_Driver/Src/stm32f1xx_hal_tim_ex.d  ./Core/Src/main.d ./Core/Src/stm32f1xx_hal_msp.d ./Core/Src/stm32f1xx_it.d ./Core/Src/syscalls.d ./Core/Src/sysmem.d ./Core/Src/system_stm32f1xx.d  Exercise_6-12.bin  Exercise_6-12.elf
 
16:33:24 **** Build of configuration Debug for project Exercise_6-10 ****
make -j12 all 
arm-none-eabi-gcc "../Drivers/STM32F1xx_HAL_Driver/Src/stm32f1xx_hal.c" -mcpu=cortex-m3 -std=gnu11 -g3 -DDEBUG -DUSE_HAL_DRIVER -DSTM32F103x6 -c -I../Core/Inc -I../Drivers/STM32F1xx_HAL_Driver/Inc -I../Drivers/STM32F1xx_HAL_Driver/Inc/Legacy -I../Drivers/CMSIS/Device/ST/STM32F1xx/Include -I../Drivers/CMSIS/Include -O0 -ffunction-sections -fdata-sections -Wall -fstack-usage -MMD -MP -MF"Drivers/STM32F1xx_HAL_Driver/Src/stm32f1xx_hal.d" -MT"Drivers/STM32F1xx_HAL_Driver/Src/stm32f1xx_hal.o" --specs=nano.specs -mfloat-abi=soft -mthumb -o "Drivers/STM32F1xx_HAL_Driver/Src/stm32f1xx_hal.o"
arm-none-eabi-gcc "../Drivers/STM32F1xx_HAL_Driver/Src/stm32f1xx_hal_cortex.c" -mcpu=cortex-m3 -std=gnu11 -g3 -DDEBUG -DUSE_HAL_DRIVER -DSTM32F103x6 -c -I../Core/Inc -I../Drivers/STM32F1xx_HAL_Driver/Inc -I../Drivers/STM32F1xx_HAL_Driver/Inc/Legacy -I../Drivers/CMSIS/Device/ST/STM32F1xx/Include -I../Drivers/CMSIS/Include -O0 -ffunction-sections -fdata-sections -Wall -fstack-usage -MMD -MP -MF"Drivers/STM32F1xx_HAL_Driver/Src/stm32f1xx_hal_cortex.d" -MT"Drivers/STM32F1xx_HAL_Driver/Src/stm32f1xx_hal_cortex.o" --specs=nano.specs -mfloat-abi=soft -mthumb -o "Drivers/STM32F1xx_HAL_Driver/Src/stm32f1xx_hal_cortex.o"
arm-none-eabi-gcc "../Drivers/STM32F1xx_HAL_Driver/Src/stm32f1xx_hal_dma.c" -mcpu=cortex-m3 -std=gnu11 -g3 -DDEBUG -DUSE_HAL_DRIVER -DSTM32F103x6 -c -I../Core/Inc -I../Drivers/STM32F1xx_HAL_Driver/Inc -I../Drivers/STM32F1xx_HAL_Driver/Inc/Legacy -I../Drivers/CMSIS/Device/ST/STM32F1xx/Include -I../Drivers/CMSIS/Include -O0 -ffunction-sections -fdata-sections -Wall -fstack-usage -MMD -MP -MF"Drivers/STM32F1xx_HAL_Driver/Src/stm32f1xx_hal_dma.d" -MT"Drivers/STM32F1xx_HAL_Driver/Src/stm32f1xx_hal_dma.o" --specs=nano.specs -mfloat-abi=soft -mthumb -o "Drivers/STM32F1xx_HAL_Driver/Src/stm32f1xx_hal_dma.o"
arm-none-eabi-gcc "../Drivers/STM32F1xx_HAL_Driver/Src/stm32f1xx_hal_exti.c" -mcpu=cortex-m3 -std=gnu11 -g3 -DDEBUG -DUSE_HAL_DRIVER -DSTM32F103x6 -c -I../Core/Inc -I../Drivers/STM32F1xx_HAL_Driver/Inc -I../Drivers/STM32F1xx_HAL_Driver/Inc/Legacy -I../Drivers/CMSIS/Device/ST/STM32F1xx/Include -I../Drivers/CMSIS/Include -O0 -ffunction-sections -fdata-sections -Wall -fstack-usage -MMD -MP -MF"Drivers/STM32F1xx_HAL_Driver/Src/stm32f1xx_hal_exti.d" -MT"Drivers/STM32F1xx_HAL_Driver/Src/stm32f1xx_hal_exti.o" --specs=nano.specs -mfloat-abi=soft -mthumb -o "Drivers/STM32F1xx_HAL_Driver/Src/stm32f1xx_hal_exti.o"
arm-none-eabi-gcc "../Drivers/STM32F1xx_HAL_Driver/Src/stm32f1xx_hal_flash.c" -mcpu=cortex-m3 -std=gnu11 -g3 -DDEBUG -DUSE_HAL_DRIVER -DSTM32F103x6 -c -I../Core/Inc -I../Drivers/STM32F1xx_HAL_Driver/Inc -I../Drivers/STM32F1xx_HAL_Driver/Inc/Legacy -I../Drivers/CMSIS/Device/ST/STM32F1xx/Include -I../Drivers/CMSIS/Include -O0 -ffunction-sections -fdata-sections -Wall -fstack-usage -MMD -MP -MF"Drivers/STM32F1xx_HAL_Driver/Src/stm32f1xx_hal_flash.d" -MT"Drivers/STM32F1xx_HAL_Driver/Src/stm32f1xx_hal_flash.o" --specs=nano.specs -mfloat-abi=soft -mthumb -o "Drivers/STM32F1xx_HAL_Driver/Src/stm32f1xx_hal_flash.o"
arm-none-eabi-gcc "../Drivers/STM32F1xx_HAL_Driver/Src/stm32f1xx_hal_flash_ex.c" -mcpu=cortex-m3 -std=gnu11 -g3 -DDEBUG -DUSE_HAL_DRIVER -DSTM32F103x6 -c -I../Core/Inc -I../Drivers/STM32F1xx_HAL_Driver/Inc -I../Drivers/STM32F1xx_HAL_Driver/Inc/Legacy -I../Drivers/CMSIS/Device/ST/STM32F1xx/Include -I../Drivers/CMSIS/Include -O0 -ffunction-sections -fdata-sections -Wall -fstack-usage -MMD -MP -MF"Drivers/STM32F1xx_HAL_Driver/Src/stm32f1xx_hal_flash_ex.d" -MT"Drivers/STM32F1xx_HAL_Driver/Src/stm32f1xx_hal_flash_ex.o" --specs=nano.specs -mfloat-abi=soft -mthumb -o "Drivers/STM32F1xx_HAL_Driver/Src/stm32f1xx_hal_flash_ex.o"
arm-none-eabi-gcc "../Drivers/STM32F1xx_HAL_Driver/Src/stm32f1xx_hal_gpio.c" -mcpu=cortex-m3 -std=gnu11 -g3 -DDEBUG -DUSE_HAL_DRIVER -DSTM32F103x6 -c -I../Core/Inc -I../Drivers/STM32F1xx_HAL_Driver/Inc -I../Drivers/STM32F1xx_HAL_Driver/Inc/Legacy -I../Drivers/CMSIS/Device/ST/STM32F1xx/Include -I../Drivers/CMSIS/Include -O0 -ffunction-sections -fdata-sections -Wall -fstack-usage -MMD -MP -MF"Drivers/STM32F1xx_HAL_Driver/Src/stm32f1xx_hal_gpio.d" -MT"Drivers/STM32F1xx_HAL_Driver/Src/stm32f1xx_hal_gpio.o" --specs=nano.specs -mfloat-abi=soft -mthumb -o "Drivers/STM32F1xx_HAL_Driver/Src/stm32f1xx_hal_gpio.o"
arm-none-eabi-gcc "../Drivers/STM32F1xx_HAL_Driver/Src/stm32f1xx_hal_gpio_ex.c" -mcpu=cortex-m3 -std=gnu11 -g3 -DDEBUG -DUSE_HAL_DRIVER -DSTM32F103x6 -c -I../Core/Inc -I../Drivers/STM32F1xx_HAL_Driver/Inc -I../Drivers/STM32F1xx_HAL_Driver/Inc/Legacy -I../Drivers/CMSIS/Device/ST/STM32F1xx/Include -I../Drivers/CMSIS/Include -O0 -ffunction-sections -fdata-sections -Wall -fstack-usage -MMD -MP -MF"Drivers/STM32F1xx_HAL_Driver/Src/stm32f1xx_hal_gpio_ex.d" -MT"Drivers/STM32F1xx_HAL_Driver/Src/stm32f1xx_hal_gpio_ex.o" --specs=nano.specs -mfloat-abi=soft -mthumb -o "Drivers/STM32F1xx_HAL_Driver/Src/stm32f1xx_hal_gpio_ex.o"
arm-none-eabi-gcc "../Drivers/STM32F1xx_HAL_Driver/Src/stm32f1xx_hal_pwr.c" -mcpu=cortex-m3 -std=gnu11 -g3 -DDEBUG -DUSE_HAL_DRIVER -DSTM32F103x6 -c -I../Core/Inc -I../Drivers/STM32F1xx_HAL_Driver/Inc -I../Drivers/STM32F1xx_HAL_Driver/Inc/Legacy -I../Drivers/CMSIS/Device/ST/STM32F1xx/Include -I../Drivers/CMSIS/Include -O0 -ffunction-sections -fdata-sections -Wall -fstack-usage -MMD -MP -MF"Drivers/STM32F1xx_HAL_Driver/Src/stm32f1xx_hal_pwr.d" -MT"Drivers/STM32F1xx_HAL_Driver/Src/stm32f1xx_hal_pwr.o" --specs=nano.specs -mfloat-abi=soft -mthumb -o "Drivers/STM32F1xx_HAL_Driver/Src/stm32f1xx_hal_pwr.o"
arm-none-eabi-gcc "../Drivers/STM32F1xx_HAL_Driver/Src/stm32f1xx_hal_rcc.c" -mcpu=cortex-m3 -std=gnu11 -g3 -DDEBUG -DUSE_HAL_DRIVER -DSTM32F103x6 -c -I../Core/Inc -I../Drivers/STM32F1xx_HAL_Driver/Inc -I../Drivers/STM32F1xx_HAL_Driver/Inc/Legacy -I../Drivers/CMSIS/Device/ST/STM32F1xx/Include -I../Drivers/CMSIS/Include -O0 -ffunction-sections -fdata-sections -Wall -fstack-usage -MMD -MP -MF"Drivers/STM32F1xx_HAL_Driver/Src/stm32f1xx_hal_rcc.d" -MT"Drivers/STM32F1xx_HAL_Driver/Src/stm32f1xx_hal_rcc.o" --specs=nano.specs -mfloat-abi=soft -mthumb -o "Drivers/STM32F1xx_HAL_Driver/Src/stm32f1xx_hal_rcc.o"
arm-none-eabi-gcc "../Drivers/STM32F1xx_HAL_Driver/Src/stm32f1xx_hal_rcc_ex.c" -mcpu=cortex-m3 -std=gnu11 -g3 -DDEBUG -DUSE_HAL_DRIVER -DSTM32F103x6 -c -I../Core/Inc -I../Drivers/STM32F1xx_HAL_Driver/Inc -I../Drivers/STM32F1xx_HAL_Driver/Inc/Legacy -I../Drivers/CMSIS/Device/ST/STM32F1xx/Include -I../Drivers/CMSIS/Include -O0 -ffunction-sections -fdata-sections -Wall -fstack-usage -MMD -MP -MF"Drivers/STM32F1xx_HAL_Driver/Src/stm32f1xx_hal_rcc_ex.d" -MT"Drivers/STM32F1xx_HAL_Driver/Src/stm32f1xx_hal_rcc_ex.o" --specs=nano.specs -mfloat-abi=soft -mthumb -o "Drivers/STM32F1xx_HAL_Driver/Src/stm32f1xx_hal_rcc_ex.o"
arm-none-eabi-gcc "../Drivers/STM32F1xx_HAL_Driver/Src/stm32f1xx_hal_tim.c" -mcpu=cortex-m3 -std=gnu11 -g3 -DDEBUG -DUSE_HAL_DRIVER -DSTM32F103x6 -c -I../Core/Inc -I../Drivers/STM32F1xx_HAL_Driver/Inc -I../Drivers/STM32F1xx_HAL_Driver/Inc/Legacy -I../Drivers/CMSIS/Device/ST/STM32F1xx/Include -I../Drivers/CMSIS/Include -O0 -ffunction-sections -fdata-sections -Wall -fstack-usage -MMD -MP -MF"Drivers/STM32F1xx_HAL_Driver/Src/stm32f1xx_hal_tim.d" -MT"Drivers/STM32F1xx_HAL_Driver/Src/stm32f1xx_hal_tim.o" --specs=nano.specs -mfloat-abi=soft -mthumb -o "Drivers/STM32F1xx_HAL_Driver/Src/stm32f1xx_hal_tim.o"
arm-none-eabi-gcc "../Drivers/STM32F1xx_HAL_Driver/Src/stm32f1xx_hal_tim_ex.c" -mcpu=cortex-m3 -std=gnu11 -g3 -DDEBUG -DUSE_HAL_DRIVER -DSTM32F103x6 -c -I../Core/Inc -I../Drivers/STM32F1xx_HAL_Driver/Inc -I../Drivers/STM32F1xx_HAL_Driver/Inc/Legacy -I../Drivers/CMSIS/Device/ST/STM32F1xx/Include -I../Drivers/CMSIS/Include -O0 -ffunction-sections -fdata-sections -Wall -fstack-usage -MMD -MP -MF"Drivers/STM32F1xx_HAL_Driver/Src/stm32f1xx_hal_tim_ex.d" -MT"Drivers/STM32F1xx_HAL_Driver/Src/stm32f1xx_hal_tim_ex.o" --specs=nano.specs -mfloat-abi=soft -mthumb -o "Drivers/STM32F1xx_HAL_Driver/Src/stm32f1xx_hal_tim_ex.o"
arm-none-eabi-gcc -mcpu=cortex-m3 -g3 -DDEBUG -c -x assembler-with-cpp -MMD -MP -MF"Core/Startup/startup_stm32f103c6ux.d" -MT"Core/Startup/startup_stm32f103c6ux.o" --specs=nano.specs -mfloat-abi=soft -mthumb -o "Core/Startup/startup_stm32f103c6ux.o" "../Core/Startup/startup_stm32f103c6ux.s"
arm-none-eabi-gcc "../Core/Src/main.c" -mcpu=cortex-m3 -std=gnu11 -g3 -DDEBUG -DUSE_HAL_DRIVER -DSTM32F103x6 -c -I../Core/Inc -I../Drivers/STM32F1xx_HAL_Driver/Inc -I../Drivers/STM32F1xx_HAL_Driver/Inc/Legacy -I../Drivers/CMSIS/Device/ST/STM32F1xx/Include -I../Drivers/CMSIS/Include -O0 -ffunction-sections -fdata-sections -Wall -fstack-usage -MMD -MP -MF"Core/Src/main.d" -MT"Core/Src/main.o" --specs=nano.specs -mfloat-abi=soft -mthumb -o "Core/Src/main.o"
arm-none-eabi-gcc "../Core/Src/stm32f1xx_hal_msp.c" -mcpu=cortex-m3 -std=gnu11 -g3 -DDEBUG -DUSE_HAL_DRIVER -DSTM32F103x6 -c -I../Core/Inc -I../Drivers/STM32F1xx_HAL_Driver/Inc -I../Drivers/STM32F1xx_HAL_Driver/Inc/Legacy -I../Drivers/CMSIS/Device/ST/STM32F1xx/Include -I../Drivers/CMSIS/Include -O0 -ffunction-sections -fdata-sections -Wall -fstack-usage -MMD -MP -MF"Core/Src/stm32f1xx_hal_msp.d" -MT"Core/Src/stm32f1xx_hal_msp.o" --specs=nano.specs -mfloat-abi=soft -mthumb -o "Core/Src/stm32f1xx_hal_msp.o"
arm-none-eabi-gcc "../Core/Src/stm32f1xx_it.c" -mcpu=cortex-m3 -std=gnu11 -g3 -DDEBUG -DUSE_HAL_DRIVER -DSTM32F103x6 -c -I../Core/Inc -I../Drivers/STM32F1xx_HAL_Driver/Inc -I../Drivers/STM32F1xx_HAL_Driver/Inc/Legacy -I../Drivers/CMSIS/Device/ST/STM32F1xx/Include -I../Drivers/CMSIS/Include -O0 -ffunction-sections -fdata-sections -Wall -fstack-usage -MMD -MP -MF"Core/Src/stm32f1xx_it.d" -MT"Core/Src/stm32f1xx_it.o" --specs=nano.specs -mfloat-abi=soft -mthumb -o "Core/Src/stm32f1xx_it.o"
arm-none-eabi-gcc "../Core/Src/syscalls.c" -mcpu=cortex-m3 -std=gnu11 -g3 -DDEBUG -DUSE_HAL_DRIVER -DSTM32F103x6 -c -I../Core/Inc -I../Drivers/STM32F1xx_HAL_Driver/Inc -I../Drivers/STM32F1xx_HAL_Driver/Inc/Legacy -I../Drivers/CMSIS/Device/ST/STM32F1xx/Include -I../Drivers/CMSIS/Include -O0 -ffunction-sections -fdata-sections -Wall -fstack-usage -MMD -MP -MF"Core/Src/syscalls.d" -MT"Core/Src/syscalls.o" --specs=nano.specs -mfloat-abi=soft -mthumb -o "Core/Src/syscalls.o"
arm-none-eabi-gcc "../Core/Src/sysmem.c" -mcpu=cortex-m3 -std=gnu11 -g3 -DDEBUG -DUSE_HAL_DRIVER -DSTM32F103x6 -c -I../Core/Inc -I../Drivers/STM32F1xx_HAL_Driver/Inc -I../Drivers/STM32F1xx_HAL_Driver/Inc/Legacy -I../Drivers/CMSIS/Device/ST/STM32F1xx/Include -I../Drivers/CMSIS/Include -O0 -ffunction-sections -fdata-sections -Wall -fstack-usage -MMD -MP -MF"Core/Src/sysmem.d" -MT"Core/Src/sysmem.o" --specs=nano.specs -mfloat-abi=soft -mthumb -o "Core/Src/sysmem.o"
arm-none-eabi-gcc "../Core/Src/system_stm32f1xx.c" -mcpu=cortex-m3 -std=gnu11 -g3 -DDEBUG -DUSE_HAL_DRIVER -DSTM32F103x6 -c -I../Core/Inc -I../Drivers/STM32F1xx_HAL_Driver/Inc -I../Drivers/STM32F1xx_HAL_Driver/Inc/Legacy -I../Drivers/CMSIS/Device/ST/STM32F1xx/Include -I../Drivers/CMSIS/Include -O0 -ffunction-sections -fdata-sections -Wall -fstack-usage -MMD -MP -MF"Core/Src/system_stm32f1xx.d" -MT"Core/Src/system_stm32f1xx.o" --specs=nano.specs -mfloat-abi=soft -mthumb -o "Core/Src/system_stm32f1xx.o"
arm-none-eabi-gcc -o "Exercise_6-10.elf" @"objects.list"   -mcpu=cortex-m3 -T"C:\Users\DELL\Microprocessors-Microcontrollers-Lab\Lab_1\Lab_1_STM32\Exercise_6\STM32F103C6UX_FLASH.ld" --specs=nosys.specs -Wl,-Map="Exercise_6-10.map" -Wl,--gc-sections -static --specs=nano.specs -mfloat-abi=soft -mthumb -Wl,--start-group -lc -lm -Wl,--end-group
Finished building target: Exercise_6-10.elf
 
arm-none-eabi-size   Exercise_6-10.elf 
arm-none-eabi-objdump -h -S  Exercise_6-10.elf  > "Exercise_6-10.list"
arm-none-eabi-objcopy  -O ihex  Exercise_6-10.elf  "Exercise_6-10.hex"
   text	   data	    bss	    dec	    hex	filename
   4736	     20	   1572	   6328	   18b8	Exercise_6-10.elf
arm-none-eabi-objcopy  -O binary  Exercise_6-10.elf  "Exercise_6-10.bin"
Finished building: default.size.stdout
 
Finished building: Exercise_6-10.hex
Finished building: Exercise_6-10.list
Finished building: Exercise_6-10.bin
 
 
 
16:37:16 **** Incremental Build of configuration Debug for project Exercise_6-10 ****
make -j12 all 
arm-none-eabi-gcc "../Core/Src/main.c" -mcpu=cortex-m3 -std=gnu11 -g3 -DDEBUG -DUSE_HAL_DRIVER -DSTM32F103x6 -c -I../Core/Inc -I../Drivers/STM32F1xx_HAL_Driver/Inc -I../Drivers/STM32F1xx_HAL_Driver/Inc/Legacy -I../Drivers/CMSIS/Device/ST/STM32F1xx/Include -I../Drivers/CMSIS/Include -O0 -ffunction-sections -fdata-sections -Wall -fstack-usage -MMD -MP -MF"Core/Src/main.d" -MT"Core/Src/main.o" --specs=nano.specs -mfloat-abi=soft -mthumb -o "Core/Src/main.o"
../Core/Src/main.c:91:2: error: expected identifier or '(' before '}' token
   91 | }}
      |  ^
make: *** [Core/Src/subdir.mk:34: Core/Src/main.o] Error 1
"make -j12 all" terminated with exit code 2. Build might be incomplete.
16:37:25 **** Incremental Build of configuration Debug for project Exercise_6-10 ****
make -j12 all 
arm-none-eabi-gcc "../Core/Src/main.c" -mcpu=cortex-m3 -std=gnu11 -g3 -DDEBUG -DUSE_HAL_DRIVER -DSTM32F103x6 -c -I../Core/Inc -I../Drivers/STM32F1xx_HAL_Driver/Inc -I../Drivers/STM32F1xx_HAL_Driver/Inc/Legacy -I../Drivers/CMSIS/Device/ST/STM32F1xx/Include -I../Drivers/CMSIS/Include -O0 -ffunction-sections -fdata-sections -Wall -fstack-usage -MMD -MP -MF"Core/Src/main.d" -MT"Core/Src/main.o" --specs=nano.specs -mfloat-abi=soft -mthumb -o "Core/Src/main.o"
arm-none-eabi-gcc -o "Exercise_6-10.elf" @"objects.list"   -mcpu=cortex-m3 -T"C:\Users\DELL\Microprocessors-Microcontrollers-Lab\Lab_1\Lab_1_STM32\Exercise_6\STM32F103C6UX_FLASH.ld" --specs=nosys.specs -Wl,-Map="Exercise_6-10.map" -Wl,--gc-sections -static --specs=nano.specs -mfloat-abi=soft -mthumb -Wl,--start-group -lc -lm -Wl,--end-group
Finished building target: Exercise_6-10.elf
 
arm-none-eabi-size   Exercise_6-10.elf 
arm-none-eabi-objdump -h -S  Exercise_6-10.elf  > "Exercise_6-10.list"
arm-none-eabi-objcopy  -O ihex  Exercise_6-10.elf  "Exercise_6-10.hex"
   text	   data	    bss	    dec	    hex	filename
   4748	     20	   1572	   6340	   18c4	Exercise_6-10.elf
arm-none-eabi-objcopy  -O binary  Exercise_6-10.elf  "Exercise_6-10.bin"
Finished building: default.size.stdout
 
Finished building: Exercise_6-10.hex
Finished building: Exercise_6-10.bin
Finished building: Exercise_6-10.list
 
 
 
16:41:45 **** Incremental Build of configuration Debug for project Exercise_6-10 ****
make -j12 all 
arm-none-eabi-gcc "../Core/Src/main.c" -mcpu=cortex-m3 -std=gnu11 -g3 -DDEBUG -DUSE_HAL_DRIVER -DSTM32F103x6 -c -I../Core/Inc -I../Drivers/STM32F1xx_HAL_Driver/Inc -I../Drivers/STM32F1xx_HAL_Driver/Inc/Legacy -I../Drivers/CMSIS/Device/ST/STM32F1xx/Include -I../Drivers/CMSIS/Include -O0 -ffunction-sections -fdata-sections -Wall -fstack-usage -MMD -MP -MF"Core/Src/main.d" -MT"Core/Src/main.o" --specs=nano.specs -mfloat-abi=soft -mthumb -o "Core/Src/main.o"
arm-none-eabi-gcc -o "Exercise_6-10.elf" @"objects.list"   -mcpu=cortex-m3 -T"C:\Users\DELL\Microprocessors-Microcontrollers-Lab\Lab_1\Lab_1_STM32\Exercise_6\STM32F103C6UX_FLASH.ld" --specs=nosys.specs -Wl,-Map="Exercise_6-10.map" -Wl,--gc-sections -static --specs=nano.specs -mfloat-abi=soft -mthumb -Wl,--start-group -lc -lm -Wl,--end-group
Finished building target: Exercise_6-10.elf
 
arm-none-eabi-size   Exercise_6-10.elf 
arm-none-eabi-objdump -h -S  Exercise_6-10.elf  > "Exercise_6-10.list"
arm-none-eabi-objcopy  -O ihex  Exercise_6-10.elf  "Exercise_6-10.hex"
   text	   data	    bss	    dec	    hex	filename
   4748	     20	   1572	   6340	   18c4	Exercise_6-10.elf
arm-none-eabi-objcopy  -O binary  Exercise_6-10.elf  "Exercise_6-10.bin"
Finished building: default.size.stdout
 
Finished building: Exercise_6-10.hex
Finished building: Exercise_6-10.list
Finished building: Exercise_6-10.bin
 
 
 
16:42:08 **** Incremental Build of configuration Debug for project Exercise_6-10 ****
make -j12 all 
arm-none-eabi-gcc "../Core/Src/main.c" -mcpu=cortex-m3 -std=gnu11 -g3 -DDEBUG -DUSE_HAL_DRIVER -DSTM32F103x6 -c -I../Core/Inc -I../Drivers/STM32F1xx_HAL_Driver/Inc -I../Drivers/STM32F1xx_HAL_Driver/Inc/Legacy -I../Drivers/CMSIS/Device/ST/STM32F1xx/Include -I../Drivers/CMSIS/Include -O0 -ffunction-sections -fdata-sections -Wall -fstack-usage -MMD -MP -MF"Core/Src/main.d" -MT"Core/Src/main.o" --specs=nano.specs -mfloat-abi=soft -mthumb -o "Core/Src/main.o"
arm-none-eabi-gcc -o "Exercise_6-10.elf" @"objects.list"   -mcpu=cortex-m3 -T"C:\Users\DELL\Microprocessors-Microcontrollers-Lab\Lab_1\Lab_1_STM32\Exercise_6\STM32F103C6UX_FLASH.ld" --specs=nosys.specs -Wl,-Map="Exercise_6-10.map" -Wl,--gc-sections -static --specs=nano.specs -mfloat-abi=soft -mthumb -Wl,--start-group -lc -lm -Wl,--end-group
Finished building target: Exercise_6-10.elf
 
arm-none-eabi-size   Exercise_6-10.elf 
arm-none-eabi-objdump -h -S  Exercise_6-10.elf  > "Exercise_6-10.list"
arm-none-eabi-objcopy  -O ihex  Exercise_6-10.elf  "Exercise_6-10.hex"
   text	   data	    bss	    dec	    hex	filename
   4748	     20	   1572	   6340	   18c4	Exercise_6-10.elf
arm-none-eabi-objcopy  -O binary  Exercise_6-10.elf  "Exercise_6-10.bin"
Finished building: default.size.stdout
 
Finished building: Exercise_6-10.hex
Finished building: Exercise_6-10.list
Finished building: Exercise_6-10.bin
 
 
 
